Classification,Year,Month,Province,City,Total AUOM Masked
Marine Paints,2023,3,CEBU,MANDAUE CITY," 1,494,270 "
Marine Paints,2023,5,CEBU,MANDAUE CITY," 1,305,540 "
Marine Paints,2023,12,"NCR, THIRD DISTRICT (Not a Province)",CITY OF NAVOTAS," 598,215 "
Marine Paints,2023,8,"NCR, THIRD DISTRICT (Not a Province)",CITY OF NAVOTAS," 553,830 "
Marine Paints,2023,4,"NCR, THIRD DISTRICT (Not a Province)",CITY OF NAVOTAS," 527,655 "
Marine Paints,2023,9,QUEZON,LUCENA CITY (Capital)," 527,175 "
Marine Paints,2023,11,"NCR, THIRD DISTRICT (Not a Province)",CITY OF NAVOTAS," 451,485 "
Marine Paints,2023,10,"NCR, THIRD DISTRICT (Not a Province)",CITY OF NAVOTAS," 447,435 "
Marine Paints,2023,6,"NCR, THIRD DISTRICT (Not a Province)",CITY OF NAVOTAS," 432,240 "
Marine Paints,2023,5,"NCR, THIRD DISTRICT (Not a Province)",CITY OF NAVOTAS," 430,395 "
Marine Paints,2022,4,CEBU,MANDAUE CITY," 429,510 "
Marine Paints,2022,3,"NCR, THIRD DISTRICT (Not a Province)",CITY OF NAVOTAS," 406,230 "
Marine Paints,2023,2,"NCR, THIRD DISTRICT (Not a Province)",CITY OF NAVOTAS," 403,590 "
Marine Paints,2022,1,"NCR, THIRD DISTRICT (Not a Province)",CITY OF NAVOTAS," 388,515 "
Marine Paints,2023,3,"NCR, THIRD DISTRICT (Not a Province)",CITY OF NAVOTAS," 388,275 "
Marine Paints,2023,5,CEBU,CEBU CITY (Capital)," 340,875 "
Marine Paints,2022,2,"NCR, THIRD DISTRICT (Not a Province)",CITY OF NAVOTAS," 332,505 "
Marine Paints,2023,4,CAVITE,TANZA," 331,980 "
Marine Paints,2022,2,CEBU,CEBU CITY," 316,065 "
Marine Paints,2022,9,BATANGAS,LEMERY," 314,280 "
Marine Paints,2022,5,"NCR, THIRD DISTRICT (Not a Province)",CITY OF NAVOTAS," 297,210 "
Marine Paints,2022,11,"NCR, THIRD DISTRICT (Not a Province)",CITY OF NAVOTAS," 284,235 "
Marine Paints,2022,12,"NCR, THIRD DISTRICT (Not a Province)",CITY OF NAVOTAS," 279,660 "
Marine Paints,2023,9,"NCR, THIRD DISTRICT (Not a Province)",CITY OF NAVOTAS," 278,865 "
Marine Paints,2023,11,BATANGAS,LEMERY," 267,180 "
Marine Paints,2023,5,CAVITE,TANZA," 263,760 "
Marine Paints,2023,7,"NCR, THIRD DISTRICT (Not a Province)",CITY OF NAVOTAS," 259,710 "
Marine Paints,2023,8,CAVITE,TANZA," 255,945 "
Marine Paints,2022,4,"NCR, THIRD DISTRICT (Not a Province)",CITY OF NAVOTAS," 251,130 "
Marine Paints,2023,6,QUEZON,LUCENA CITY (Capital)," 250,200 "
Marine Paints,2023,3,CAVITE,TANZA," 249,570 "
Marine Paints,2022,10,"NCR, THIRD DISTRICT (Not a Province)",CITY OF NAVOTAS," 245,910 "
Marine Paints,2022,9,"NCR, THIRD DISTRICT (Not a Province)",CITY OF NAVOTAS," 220,755 "
Marine Paints,2022,7,"NCR, THIRD DISTRICT (Not a Province)",CITY OF NAVOTAS," 213,825 "
Marine Paints,2022,8,"NCR, THIRD DISTRICT (Not a Province)",CITY OF NAVOTAS," 213,480 "
Marine Paints,2023,6,BATAAN,MARIVELES," 207,840 "
Marine Paints,2023,5,"NCR, CITY OF MANILA, FIRST DISTRICT (Not a Provinc",TONDO I / II," 207,045 "
Marine Paints,2023,9,CAVITE,TANZA," 195,300 "
Marine Paints,2022,6,"NCR, THIRD DISTRICT (Not a Province)",CITY OF NAVOTAS," 191,850 "
Marine Paints,2022,5,BATANGAS,CITY OF TANAUAN," 185,730 "
Marine Paints,2022,4,"NCR, SECOND DISTRICT (NOT A PROVINCE)",CITY OF PASIG," 179,070 "
Marine Paints,2022,3,"NCR, THIRD DISTRICT (Not a Province)",CITY OF MALABON," 178,140 "
Marine Paints,2023,11,CEBU,CEBU CITY (Capital)," 174,000 "
Marine Paints,2023,7,CEBU,SAN FERNANDO," 171,540 "
Marine Paints,2023,9,CEBU,CEBU CITY (Capital)," 170,880 "
Marine Paints,2023,11,"NCR, CITY OF MANILA, FIRST DISTRICT (Not a Provinc",TONDO I / II," 165,420 "
Marine Paints,2023,2,SOUTH COTABATO,GENERAL SANTOS CITY," 164,505 "
Marine Paints,2022,3,CEBU,CEBU CITY," 164,040 "
Marine Paints,2023,3,QUEZON,LUCENA CITY (Capital)," 163,395 "
Marine Paints,2023,5,QUEZON,LUCENA," 162,000 "
Marine Paints,2023,7,BOHOL,BUENAVISTA," 159,840 "
Marine Paints,2022,1,"NCR, SECOND DISTRICT (NOT A PROVINCE)",CITY OF PASIG," 158,340 "
Marine Paints,2023,3,SOUTH COTABATO,GENERAL SANTOS CITY," 157,020 "
Marine Paints,2022,12,ZAMBOANGA DEL SUR,ZAMBOANGA CITY," 153,855 "
Marine Paints,2023,5,SOUTH COTABATO,GENERAL SANTOS CITY," 153,570 "
Marine Paints,2023,8,SOUTH COTABATO,GENERAL SANTOS CITY," 153,120 "
Marine Paints,2023,11,CAVITE,TANZA," 152,880 "
Marine Paints,2023,8,QUEZON,LUCENA CITY (Capital)," 151,830 "
Marine Paints,2022,4,QUEZON,LUCENA CITY (Capital)," 150,765 "
Marine Paints,2023,4,CAVITE,KAWIT," 149,730 "
Marine Paints,2023,12,ZAMBOANGA DEL SUR,ZAMBOANGA CITY," 149,400 "
Marine Paints,2023,2,CEBU,MANDAUE CITY," 148,815 "
Marine Paints,2023,4,CEBU,MANDAUE CITY," 147,345 "
Marine Paints,2022,6,RIZAL,BINANGONAN," 147,150 "
Marine Paints,2023,7,CEBU,CEBU CITY (Capital)," 145,710 "
Marine Paints,2022,3,"NCR, SECOND DISTRICT (NOT A PROVINCE)",CITY OF PASIG," 143,115 "
Marine Paints,2022,4,"NCR, SECOND DISTRICT (NOT A PROVINCE)",CITY OF MARIKINA," 139,890 "
Marine Paints,2022,10,BATANGAS,CITY OF TANAUAN," 134,595 "
Marine Paints,2023,8,CEBU,CEBU CITY (Capital)," 133,380 "
Marine Paints,2022,3,MISAMIS ORIENTAL,JASAAN," 132,360 "
Marine Paints,2022,8,SOUTH COTABATO,GENERAL SANTOS CITY," 132,195 "
Marine Paints,2022,11,QUEZON,LUCENA CITY (Capital)," 131,535 "
Marine Paints,2023,12,SOUTH COTABATO,GENERAL SANTOS CITY," 130,965 "
Marine Paints,2023,6,BATANGAS,BAUAN," 129,240 "
Marine Paints,2023,6,RIZAL,BINANGONAN," 129,240 "
Marine Paints,2022,4,SOUTH COTABATO,GENERAL SANTOS CITY," 128,445 "
Marine Paints,2023,5,"NCR, SECOND DISTRICT (NOT A PROVINCE)",CITY OF PASIG," 126,735 "
Marine Paints,2022,6,MISAMIS ORIENTAL,JASAAN," 121,365 "
Marine Paints,2022,8,ZAMBALES,SUBIC," 120,000 "
Marine Paints,2022,12,CEBU,MANDAUE CITY," 119,445 "
Marine Paints,2023,3,BATAAN,MARIVELES," 117,465 "
Marine Paints,2023,5,QUEZON,PAGBILAO," 117,000 "
Marine Paints,2022,5,"NCR, SECOND DISTRICT (NOT A PROVINCE)",CITY OF PASIG," 115,725 "
Marine Paints,2022,4,"NCR, CITY OF MANILA, FIRST DISTRICT (Not a Provinc",TONDO I / II," 115,605 "
Marine Paints,2022,10,CEBU,CEBU CITY (Capital)," 114,360 "
Marine Paints,2023,2,ZAMBOANGA DEL SUR,ZAMBOANGA CITY," 114,015 "
Marine Paints,2022,1,ZAMBOANGA DEL SUR,ZAMBOANGA CITY," 112,980 "
Marine Paints,2022,6,BATANGAS,BATANGAS CITY (Capital)," 112,605 "
Marine Paints,2022,8,CEBU,CEBU CITY (Capital)," 109,680 "
Marine Paints,2022,9,CEBU,CEBU CITY (Capital)," 109,305 "
Marine Paints,2023,6,ZAMBALES,SUBIC," 109,200 "
Marine Paints,2023,7,SOUTH COTABATO,GENERAL SANTOS CITY," 109,035 "
Marine Paints,2022,5,SOUTH COTABATO,GENERAL SANTOS CITY," 108,510 "
Marine Paints,2022,10,"NCR, THIRD DISTRICT (Not a Province)",CALOOCAN CITY," 108,435 "
Marine Paints,2022,7,ZAMBALES,SUBIC," 108,120 "
Marine Paints,2023,9,"NCR, SECOND DISTRICT (NOT A PROVINCE)",CITY OF PASIG," 107,040 "
Marine Paints,2023,9,"NCR, CITY OF MANILA, FIRST DISTRICT (Not a Provinc",TONDO I / II," 106,530 "
Marine Paints,2022,10,"NCR, SECOND DISTRICT (NOT A PROVINCE)",CITY OF PASIG," 106,170 "
Marine Paints,2022,1,"NCR, THIRD DISTRICT (Not a Province)",CITY OF MALABON," 105,990 "
Marine Paints,2023,6,SOUTH COTABATO,GENERAL SANTOS CITY," 103,425 "
Marine Paints,2023,12,BATAAN,MARIVELES," 103,320 "
Marine Paints,2023,6,CEBU,CEBU CITY (Capital)," 103,020 "
Marine Paints,2022,10,"NCR, THIRD DISTRICT (Not a Province)",CITY OF MALABON," 102,225 "
Marine Paints,2023,7,RIZAL,BINANGONAN," 102,150 "
Marine Paints,2022,2,SOUTH COTABATO,GENERAL SANTOS CITY," 99,720 "
Marine Paints,2022,12,"NCR, THIRD DISTRICT (Not a Province)",CITY OF MALABON," 99,690 "
Marine Paints,2023,7,CAVITE,NAIC," 99,135 "
Marine Paints,2023,9,SOUTH COTABATO,GENERAL SANTOS CITY," 99,075 "
Marine Paints,2023,4,SOUTH COTABATO,GENERAL SANTOS CITY," 98,550 "
Marine Paints,2022,5,QUEZON,LUCENA CITY (Capital)," 98,340 "
Marine Paints,2022,1,QUEZON,LUCENA CITY (Capital)," 97,710 "
Marine Paints,2022,9,SOUTH COTABATO,GENERAL SANTOS CITY," 97,350 "
Marine Paints,2022,3,CEBU,MINGLANILLA," 96,120 "
Marine Paints,2022,3,SOUTH COTABATO,GENERAL SANTOS CITY," 95,535 "
Marine Paints,2022,12,SOUTH COTABATO,GENERAL SANTOS CITY," 95,460 "
Marine Paints,2022,3,ZAMBOANGA DEL SUR,ZAMBOANGA CITY," 95,055 "
Marine Paints,2023,10,BOHOL,BUENAVISTA," 94,860 "
Marine Paints,2022,8,BATANGAS,BATANGAS CITY (Capital)," 94,740 "
Marine Paints,2022,6,ZAMBALES,SUBIC," 94,320 "
Marine Paints,2023,8,"NCR, SECOND DISTRICT (NOT A PROVINCE)",CITY OF PASIG," 93,750 "
Marine Paints,2023,3,CEBU,CEBU CITY (Capital)," 92,805 "
Marine Paints,2022,6,SOUTH COTABATO,GENERAL SANTOS CITY," 92,685 "
Marine Paints,2022,9,ZAMBALES,SUBIC," 92,280 "
Marine Paints,2023,9,CEBU,MANDAUE CITY," 91,875 "
Marine Paints,2023,12,ZAMBALES,SUBIC," 91,665 "
Marine Paints,2022,10,ZAMBOANGA DEL SUR,ZAMBOANGA CITY," 91,590 "
Marine Paints,2023,2,QUEZON,LUCENA CITY," 91,500 "
Marine Paints,2022,7,CEBU,CEBU CITY (Capital)," 90,615 "
Marine Paints,2022,9,"NCR, THIRD DISTRICT (Not a Province)",CITY OF MALABON," 90,600 "
Marine Paints,2023,10,"NCR, THIRD DISTRICT (Not a Province)",CITY OF MALABON," 90,510 "
Marine Paints,2022,2,BATANGAS,BAUAN," 89,820 "
Marine Paints,2023,9,ZAMBOANGA DEL SUR,ZAMBOANGA CITY," 88,800 "
Marine Paints,2023,2,BATAAN,MARIVELES," 88,425 "
Marine Paints,2022,1,ZAMBALES,SUBIC," 88,200 "
Marine Paints,2022,6,"NCR, THIRD DISTRICT (Not a Province)",CITY OF VALENZUELA," 88,140 "
Marine Paints,2022,11,ZAMBOANGA DEL SUR,ZAMBOANGA CITY," 88,005 "
Marine Paints,2022,2,"NCR, SECOND DISTRICT (NOT A PROVINCE)",CITY OF PASIG," 87,795 "
Marine Paints,2022,8,MISAMIS ORIENTAL,JASAAN," 87,570 "
Marine Paints,2023,4,CEBU,CEBU CITY (Capital)," 87,240 "
Marine Paints,2023,5,BATAAN,MARIVELES," 87,150 "
Marine Paints,2023,5,"NCR, THIRD DISTRICT (Not a Province)",CITY OF MALABON," 87,120 "
Marine Paints,2022,12,BULACAN,CITY OF MEYCAUAYAN," 86,880 "
Marine Paints,2023,10,"NCR, CITY OF MANILA, FIRST DISTRICT (Not a Provinc",TONDO I / II," 85,320 "
Marine Paints,2022,1,"NCR, CITY OF MANILA, FIRST DISTRICT (Not a Provinc",TONDO I / II," 85,125 "
Marine Paints,2022,5,"NCR, THIRD DISTRICT (Not a Province)",CITY OF MALABON," 84,375 "
Marine Paints,2023,3,"NCR, THIRD DISTRICT (Not a Province)",CITY OF VALENZUELA," 83,910 "
Marine Paints,2023,3,CAMARINES SUR,NAGA CITY," 83,610 "
Marine Paints,2023,12,MISAMIS ORIENTAL,JASAAN," 83,445 "
Marine Paints,2022,1,SOUTH COTABATO,GENERAL SANTOS CITY," 83,400 "
Marine Paints,2022,7,QUEZON,LUCENA CITY (Capital)," 82,980 "
Marine Paints,2022,4,RIZAL,BINANGONAN," 82,845 "
Marine Paints,2022,11,QUEZON,PAGBILAO," 82,560 "
Marine Paints,2023,3,"NCR, SECOND DISTRICT (NOT A PROVINCE)",CITY OF PASIG," 81,825 "
Marine Paints,2023,11,SOUTH COTABATO,GENERAL SANTOS CITY," 81,705 "
Marine Paints,2023,11,ALBAY,ALBAY," 81,480 "
Marine Paints,2022,12,LAGUNA,CITY OF SANTA ROSA," 80,940 "
Marine Paints,2023,3,ZAMBOANGA DEL SUR,ZAMBOANGA CITY," 80,010 "
Marine Paints,2023,2,CEBU,CONSOLACION," 79,470 "
Marine Paints,2022,6,"NCR, THIRD DISTRICT (Not a Province)",CITY OF MALABON," 79,320 "
Marine Paints,2023,4,"NCR, SECOND DISTRICT (NOT A PROVINCE)",CITY OF PASIG," 79,200 "
Marine Paints,2023,8,ZAMBOANGA DEL SUR,ZAMBOANGA CITY," 78,960 "
Marine Paints,2022,10,SOUTH COTABATO,GENERAL SANTOS CITY," 78,915 "
Marine Paints,2023,3,QUEZON,PAGBILAO," 78,600 "
Marine Paints,2022,8,"NCR, SECOND DISTRICT (NOT A PROVINCE)",QUEZON CITY," 78,480 "
Marine Paints,2022,6,CAVITE,CITY OF GENERAL TRIAS," 78,060 "
Marine Paints,2023,5,ZAMBALES,SUBIC," 77,940 "
Marine Paints,2022,2,ZAMBOANGA DEL SUR,ZAMBOANGA CITY," 77,055 "
Marine Paints,2023,7,ZAMBALES,SUBIC," 76,740 "
Marine Paints,2022,12,"NCR, SECOND DISTRICT (NOT A PROVINCE)",CITY OF PASIG," 76,350 "
Marine Paints,2022,2,"NCR, THIRD DISTRICT (Not a Province)",CITY OF MALABON," 75,720 "
Marine Paints,2023,2,"NCR, SECOND DISTRICT (NOT A PROVINCE)",CITY OF PASIG," 75,210 "
Marine Paints,2023,7,QUEZON,PAGBILAO," 74,700 "
Marine Paints,2022,3,CAVITE,TANZA," 74,400 "
Marine Paints,2022,11,SOUTH COTABATO,GENERAL SANTOS CITY," 74,160 "
Marine Paints,2023,6,"NCR, SECOND DISTRICT (NOT A PROVINCE)",CITY OF PASIG," 73,995 "
Marine Paints,2022,10,QUEZON,LUCENA CITY," 73,830 "
Marine Paints,2022,9,"NCR, SECOND DISTRICT (NOT A PROVINCE)",CITY OF PASIG," 73,710 "
Marine Paints,2023,10,"NCR, SECOND DISTRICT (NOT A PROVINCE)",CITY OF PASIG," 73,290 "
Marine Paints,2023,11,QUEZON,LUCENA CITY (Capital)," 73,230 "
Marine Paints,2022,8,QUEZON,LUCENA CITY (Capital)," 72,765 "
Marine Paints,2023,10,CEBU,CEBU CITY (Capital)," 70,650 "
Marine Paints,2022,4,BATANGAS,CALACA," 70,500 "
Marine Paints,2023,11,BATANGAS,BAUAN," 70,470 "
Marine Paints,2022,3,ALBAY,ALBAY," 70,395 "
Marine Paints,2023,7,MISAMIS ORIENTAL,JASAAN," 70,170 "
Marine Paints,2023,3,CEBU,CONSOLACION," 70,125 "
Marine Paints,2023,7,"NCR, SECOND DISTRICT (NOT A PROVINCE)",CITY OF PASIG," 69,675 "
Marine Paints,2023,3,CEBU,DANAO CITY," 69,000 "
Marine Paints,2022,8,"NCR, THIRD DISTRICT (Not a Province)",CITY OF MALABON," 68,940 "
Marine Paints,2022,6,"NCR, SECOND DISTRICT (NOT A PROVINCE)",CITY OF PASIG," 68,655 "
Marine Paints,2022,7,"NCR, SECOND DISTRICT (NOT A PROVINCE)",CITY OF PASIG," 68,595 "
Marine Paints,2023,10,"NCR, SECOND DISTRICT (NOT A PROVINCE)",QUEZON CITY," 68,040 "
Marine Paints,2022,10,ZAMBALES,SUBIC," 67,530 "
Marine Paints,2023,11,ZAMBOANGA DEL SUR,ZAMBOANGA CITY," 67,320 "
Marine Paints,2023,8,"NCR, THIRD DISTRICT (Not a Province)",CALOOCAN CITY," 66,960 "
Marine Paints,2023,5,CEBU,CONSOLACION," 66,720 "
Marine Paints,2023,6,ZAMBOANGA DEL SUR,ZAMBOANGA CITY," 66,450 "
Marine Paints,2023,6,MISAMIS ORIENTAL,JASAAN," 66,360 "
Marine Paints,2023,10,BATANGAS,BAUAN," 66,360 "
Marine Paints,2022,5,CEBU,CONSOLACION," 66,150 "
Marine Paints,2023,4,CEBU,SAN FERNANDO," 66,135 "
Marine Paints,2022,4,ZAMBOANGA DEL SUR,ZAMBOANGA CITY," 65,940 "
Marine Paints,2022,7,CAVITE,CITY OF GENERAL TRIAS," 65,880 "
Marine Paints,2023,5,"NCR, SECOND DISTRICT (NOT A PROVINCE)",CITY OF MARIKINA," 65,820 "
Marine Paints,2023,11,CEBU,MANDAUE CITY," 65,340 "
Marine Paints,2023,9,MISAMIS ORIENTAL,JASAAN," 65,160 "
Marine Paints,2023,4,ZAMBOANGA DEL SUR,ZAMBOANGA CITY," 64,800 "
Marine Paints,2022,3,"NCR, SECOND DISTRICT (NOT A PROVINCE)",QUEZON CITY," 64,680 "
Marine Paints,2023,8,MISAMIS ORIENTAL,JASAAN," 64,680 "
Marine Paints,2022,2,BATAAN,MARIVELES," 64,260 "
Marine Paints,2022,8,ZAMBOANGA DEL SUR,ZAMBOANGA CITY," 63,780 "
Marine Paints,2023,2,QUEZON,LUCENA CITY (Capital)," 63,750 "
Marine Paints,2022,4,LAGUNA,CITY OF SANTA ROSA," 63,660 "
Marine Paints,2022,10,CEBU,CONSOLACION," 62,295 "
Marine Paints,2022,3,CEBU,CEBU CITY (Capital)," 62,220 "
Marine Paints,2023,12,CEBU,CEBU CITY (Capital)," 62,070 "
Marine Paints,2023,4,ZAMBALES,SUBIC," 61,560 "
Marine Paints,2023,3,ZAMBALES,SUBIC," 61,260 "
Marine Paints,2022,11,"NCR, SECOND DISTRICT (NOT A PROVINCE)",CITY OF PASIG," 61,215 "
Marine Paints,2023,11,"NCR, THIRD DISTRICT (Not a Province)",CITY OF MALABON," 61,170 "
Marine Paints,2022,12,CEBU,CONSOLACION," 60,990 "
Marine Paints,2022,1,BATANGAS,BAUAN," 60,960 "
Marine Paints,2023,7,LAGUNA,CITY OF SANTA ROSA," 60,750 "
Marine Paints,2022,11,CEBU,CONSOLACION," 60,675 "
Marine Paints,2022,2,ZAMBALES,SUBIC," 60,000 "
Marine Paints,2022,8,"NCR, SECOND DISTRICT (NOT A PROVINCE)",CITY OF PASIG," 60,000 "
Marine Paints,2023,2,"NCR, THIRD DISTRICT (Not a Province)",CITY OF MALABON," 59,520 "
Marine Paints,2022,10,"NCR, SECOND DISTRICT (NOT A PROVINCE)",QUEZON CITY," 59,520 "
Marine Paints,2022,6,ZAMBOANGA DEL SUR,ZAMBOANGA CITY," 59,400 "
Marine Paints,2023,3,"NCR, THIRD DISTRICT (Not a Province)",CITY OF MALABON," 59,325 "
Marine Paints,2023,12,"NCR, THIRD DISTRICT (Not a Province)",CITY OF MALABON," 59,280 "
Marine Paints,2022,6,QUEZON,LUCENA CITY (Capital)," 59,115 "
Marine Paints,2023,4,"NCR, CITY OF MANILA, FIRST DISTRICT (Not a Provinc",TONDO I / II," 59,100 "
Marine Paints,2023,5,ZAMBOANGA DEL SUR,ZAMBOANGA CITY," 58,860 "
Marine Paints,2022,7,ZAMBOANGA DEL SUR,ZAMBOANGA CITY," 58,815 "
Marine Paints,2022,12,ZAMBALES,SUBIC," 58,620 "
Marine Paints,2022,6,BATANGAS,CALACA," 58,560 "
Marine Paints,2023,5,QUEZON,LUCENA CITY (Capital)," 58,380 "
Marine Paints,2022,12,PAMPANGA,MABALACAT CITY," 58,380 "
Marine Paints,2022,9,BATANGAS,BATANGAS CITY (Capital)," 58,020 "
Marine Paints,2023,6,CEBU,CONSOLACION," 57,195 "
Marine Paints,2023,8,"NCR, THIRD DISTRICT (Not a Province)",CITY OF MALABON," 57,135 "
Marine Paints,2023,10,ZAMBOANGA DEL SUR,ZAMBOANGA CITY," 56,640 "
Marine Paints,2023,6,"NCR, THIRD DISTRICT (Not a Province)",CITY OF MALABON," 55,635 "
Marine Paints,2023,10,MISAMIS ORIENTAL,JASAAN," 55,260 "
Marine Paints,2022,1,MISAMIS ORIENTAL,JASAAN," 54,960 "
Marine Paints,2022,11,"NCR, THIRD DISTRICT (Not a Province)",CITY OF MALABON," 54,885 "
Marine Paints,2022,12,CEBU,CEBU CITY (Capital)," 54,825 "
Marine Paints,2023,9,CEBU,SAN FERNANDO," 54,690 "
Marine Paints,2022,6,CEBU,CEBU CITY (Capital)," 54,360 "
Marine Paints,2022,10,MISAMIS ORIENTAL,JASAAN," 53,775 "
Marine Paints,2023,9,LAGUNA,CITY OF SANTA ROSA," 53,655 "
Marine Paints,2023,10,"NCR, THIRD DISTRICT (Not a Province)",CALOOCAN CITY," 53,460 "
Marine Paints,2022,11,BATAAN,MARIVELES," 53,310 "
Marine Paints,2022,7,SOUTH COTABATO,GENERAL SANTOS CITY," 51,810 "
Marine Paints,2022,2,MISAMIS ORIENTAL,JASAAN," 51,645 "
Marine Paints,2022,6,CEBU,MANDAUE CITY," 51,570 "
Marine Paints,2022,6,CEBU,CONSOLACION," 51,555 "
Marine Paints,2022,3,LAGUNA,CITY OF SANTA ROSA," 51,180 "
Marine Paints,2023,10,CAVITE,TANZA," 51,105 "
Marine Paints,2023,10,CEBU,MANDAUE CITY," 51,000 "
Marine Paints,2023,11,"NCR, SECOND DISTRICT (NOT A PROVINCE)",CITY OF PASIG," 51,000 "
Marine Paints,2022,12,ILOILO,ILOILO CITY," 50,955 "
Marine Paints,2023,12,"NCR, SECOND DISTRICT (NOT A PROVINCE)",CITY OF PASIG," 50,490 "
Marine Paints,2023,4,CEBU,CONSOLACION," 50,250 "
Marine Paints,2023,7,CEBU,DANAO CITY," 50,220 "
Marine Paints,2022,8,BATANGAS,CALACA," 50,220 "
Marine Paints,2022,2,"NCR, THIRD DISTRICT (Not a Province)",CITY OF VALENZUELA," 50,100 "
Marine Paints,2022,9,QUEZON,LUCENA CITY (Capital)," 50,025 "
Marine Paints,2023,4,ALBAY,CITY OF TABACO," 49,650 "
Marine Paints,2022,5,CEBU,MANDAUE CITY," 49,320 "
Marine Paints,2022,3,CEBU,CONSOLACION," 49,290 "
Marine Paints,2022,9,"NCR, SECOND DISTRICT (NOT A PROVINCE)",QUEZON CITY," 49,260 "
Marine Paints,2022,11,ALBAY,ALBAY," 48,375 "
Marine Paints,2023,8,CEBU,MANDAUE CITY," 48,255 "
Marine Paints,2022,10,CAVITE,NAIC," 47,880 "
Marine Paints,2023,7,"NCR, THIRD DISTRICT (Not a Province)",CITY OF MALABON," 47,835 "
Marine Paints,2023,10,BATANGAS,MABINI," 47,775 "
Marine Paints,2022,7,MISAMIS ORIENTAL,VILLANUEVA," 47,760 "
Marine Paints,2023,2,MISAMIS ORIENTAL,JASAAN," 46,860 "
Marine Paints,2022,2,"NCR, CITY OF MANILA, FIRST DISTRICT (Not a Provinc",TONDO I / II," 46,740 "
Marine Paints,2022,12,MISAMIS ORIENTAL,JASAAN," 46,680 "
Marine Paints,2022,3,"NCR, SECOND DISTRICT (NOT A PROVINCE)",CITY OF MANDALUYONG," 46,515 "
Marine Paints,2023,2,BATANGAS,LEMERY," 46,140 "
Marine Paints,2022,7,"NCR, THIRD DISTRICT (Not a Province)",CITY OF VALENZUELA," 45,960 "
Marine Paints,2023,3,CEBU,SAN FERNANDO," 45,900 "
Marine Paints,2022,5,CEBU,CEBU CITY (Capital)," 45,615 "
Marine Paints,2022,9,ZAMBOANGA DEL SUR,ZAMBOANGA CITY," 45,570 "
Marine Paints,2022,9,CEBU,CONSOLACION," 45,480 "
Marine Paints,2023,3,"NCR, CITY OF MANILA, FIRST DISTRICT (Not a Provinc",TONDO I / II," 45,375 "
Marine Paints,2022,1,QUEZON,PAGBILAO," 45,360 "
Marine Paints,2022,3,BATANGAS,BATANGAS CITY (Capital)," 45,300 "
Marine Paints,2023,3,ILOILO,ILOILO CITY," 45,300 "
Marine Paints,2023,9,BATAAN,MARIVELES," 45,285 "
Marine Paints,2022,8,CEBU,MINGLANILLA," 45,180 "
Marine Paints,2022,1,LAGUNA,SAN PABLO CITY," 45,150 "
Marine Paints,2023,7,ZAMBOANGA DEL SUR,ZAMBOANGA CITY," 44,280 "
Marine Paints,2022,6,BATANGAS,BAUAN," 44,265 "
Marine Paints,2022,5,ZAMBOANGA DEL SUR,ZAMBOANGA CITY," 44,220 "
Marine Paints,2023,12,QUEZON,LUCENA CITY (Capital)," 44,175 "
Marine Paints,2023,2,"NCR, SECOND DISTRICT (NOT A PROVINCE)",QUEZON CITY," 44,070 "
Marine Paints,2022,8,"NCR, CITY OF MANILA, FIRST DISTRICT (Not a Provinc",TONDO I / II," 43,980 "
Marine Paints,2023,9,"NCR, THIRD DISTRICT (Not a Province)",CITY OF MALABON," 43,935 "
Marine Paints,2022,4,RIZAL,CITY OF ANTIPOLO," 43,800 "
Marine Paints,2023,10,CEBU,CONSOLACION," 43,410 "
Marine Paints,2023,4,BULACAN,CITY OF MEYCAUAYAN," 42,960 "
Marine Paints,2023,10,SOUTH COTABATO,GENERAL SANTOS CITY," 42,570 "
Marine Paints,2023,8,ILOILO,ILOILO CITY," 42,555 "
Marine Paints,2022,2,QUEZON,PAGBILAO," 42,450 "
Marine Paints,2022,3,BATANGAS,BAUAN," 42,030 "
Marine Paints,2023,12,"NCR, CITY OF MANILA, FIRST DISTRICT (Not a Provinc",TONDO I / II," 41,865 "
Marine Paints,2023,2,"NCR, CITY OF MANILA, FIRST DISTRICT (Not a Provinc",TONDO I / II," 41,385 "
Marine Paints,2022,9,BATAAN,MARIVELES," 41,340 "
Marine Paints,2022,4,CEBU,SAN FERNANDO," 41,085 "
Marine Paints,2022,4,CEBU,CEBU CITY (Capital)," 41,010 "
Marine Paints,2022,10,LAGUNA,CITY OF SANTA ROSA," 41,010 "
Marine Paints,2023,8,ALBAY,ALBAY," 40,980 "
Marine Paints,2023,9,ZAMBALES,SUBIC," 40,800 "
Marine Paints,2022,5,CAVITE,CITY OF GENERAL TRIAS," 40,320 "
Marine Paints,2022,1,ILOILO,ILOILO CITY," 40,185 "
Marine Paints,2023,7,CEBU,MANDAUE CITY," 39,885 "
Marine Paints,2022,3,ILOILO,ILOILO CITY," 39,465 "
Marine Paints,2023,4,"NCR, THIRD DISTRICT (Not a Province)",CITY OF MALABON," 39,360 "
Marine Paints,2023,8,BATANGAS,BATANGAS CITY (Capital)," 39,300 "
Marine Paints,2023,6,ALBAY,ALBAY," 39,030 "
Marine Paints,2023,5,BATANGAS,CALACA," 39,000 "
Marine Paints,2023,11,"NCR, SECOND DISTRICT (NOT A PROVINCE)",QUEZON CITY," 38,685 "
Marine Paints,2022,4,CEBU,CONSOLACION," 38,610 "
Marine Paints,2022,9,QUEZON,PAGBILAO," 38,490 "
Marine Paints,2022,5,ZAMBALES,MASINLOC," 37,980 "
Marine Paints,2022,5,"NCR, SECOND DISTRICT (NOT A PROVINCE)",QUEZON CITY," 37,920 "
Marine Paints,2023,2,CEBU,CEBU CITY (Capital)," 37,770 "
Marine Paints,2023,7,CAVITE,CITY OF GENERAL TRIAS," 37,620 "
Marine Paints,2022,7,"NCR, SECOND DISTRICT (NOT A PROVINCE)",QUEZON CITY," 37,500 "
Marine Paints,2022,2,"NCR, CITY OF MANILA, FIRST DISTRICT (Not a Provinc",PORT AREA," 37,170 "
Marine Paints,2022,1,BULACAN,SANTA MARIA," 37,080 "
Marine Paints,2023,5,MISAMIS ORIENTAL,JASAAN," 37,035 "
Marine Paints,2023,11,CAVITE,CITY OF GENERAL TRIAS," 36,870 "
Marine Paints,2022,2,CAVITE,TANZA," 36,690 "
Marine Paints,2023,6,"NCR, SECOND DISTRICT (NOT A PROVINCE)",QUEZON CITY," 36,630 "
Marine Paints,2022,11,"NCR, THIRD DISTRICT (Not a Province)",CALOOCAN CITY," 36,600 "
Marine Paints,2022,7,"NCR, THIRD DISTRICT (Not a Province)",CITY OF MALABON," 36,480 "
Marine Paints,2023,7,ILOILO,ILOILO CITY," 35,970 "
Marine Paints,2023,5,"NCR, THIRD DISTRICT (Not a Province)",CITY OF VALENZUELA," 35,550 "
Marine Paints,2023,5,CEBU,DANAO CITY," 35,460 "
Marine Paints,2022,9,CAVITE,CITY OF GENERAL TRIAS," 35,280 "
Marine Paints,2022,5,MISAMIS ORIENTAL,JASAAN," 35,250 "
Marine Paints,2023,12,"NCR, THIRD DISTRICT (Not a Province)",CITY OF VALENZUELA," 35,025 "
Marine Paints,2022,3,"NCR, CITY OF MANILA, FIRST DISTRICT (Not a Provinc",TONDO I / II," 34,920 "
Marine Paints,2022,8,CEBU,CONSOLACION," 34,785 "
Marine Paints,2022,6,CEBU,SAN FERNANDO," 34,620 "
Marine Paints,2022,5,"NCR, CITY OF MANILA, FIRST DISTRICT (Not a Provinc",SANTA ANA," 34,380 "
Marine Paints,2023,5,CAVITE,CITY OF GENERAL TRIAS," 34,380 "
Marine Paints,2023,2,"NCR, SECOND DISTRICT (NOT A PROVINCE)",CITY OF MANDALUYONG," 34,320 "
Marine Paints,2023,11,CEBU,SAN FERNANDO," 34,320 "
Marine Paints,2022,10,BULACAN,CITY OF MEYCAUAYAN," 34,200 "
Marine Paints,2023,2,ZAMBALES,SUBIC," 34,080 "
Marine Paints,2022,3,"NCR, THIRD DISTRICT (Not a Province)",CALOOCAN CITY," 34,020 "
Marine Paints,2022,2,QUEZON,LUCENA CITY (Capital)," 33,900 "
Marine Paints,2023,6,BATANGAS,CALACA," 33,840 "
Marine Paints,2022,4,PANGASINAN,SUAL," 33,795 "
Marine Paints,2022,11,CAVITE,CITY OF GENERAL TRIAS," 33,720 "
Marine Paints,2023,12,"NCR, THIRD DISTRICT (Not a Province)",CALOOCAN CITY," 33,630 "
Marine Paints,2022,10,CEBU,MANDAUE CITY," 33,600 "
Marine Paints,2023,12,ILOILO,ILOILO CITY," 33,600 "
Marine Paints,2022,12,"NCR, THIRD DISTRICT (Not a Province)",CALOOCAN CITY," 33,570 "
Marine Paints,2023,5,"NCR, THIRD DISTRICT (Not a Province)",CALOOCAN CITY," 33,540 "
Marine Paints,2022,9,ILOILO,ILOILO CITY," 33,465 "
Marine Paints,2023,10,QUEZON,LUCENA CITY (Capital)," 33,375 "
Marine Paints,2023,10,CEBU,SAN FERNANDO," 33,240 "
Marine Paints,2022,6,"NCR, SECOND DISTRICT (NOT A PROVINCE)",QUEZON CITY," 33,060 "
Marine Paints,2023,11,MISAMIS ORIENTAL,JASAAN," 32,925 "
Marine Paints,2022,12,RIZAL,BINANGONAN," 32,700 "
Marine Paints,2022,7,CEBU,DANAO CITY," 32,415 "
Marine Paints,2023,3,CAVITE,CITY OF GENERAL TRIAS," 32,400 "
Marine Paints,2023,12,BOHOL,BUENAVISTA," 32,220 "
Marine Paints,2023,5,ILOILO,ILOILO CITY," 32,160 "
Marine Paints,2022,4,BATANGAS,BAUAN," 32,100 "
Marine Paints,2023,9,ILOILO,ILOILO CITY," 31,980 "
Marine Paints,2023,4,MISAMIS ORIENTAL,JASAAN," 31,680 "
Marine Paints,2023,11,BOHOL,BUENAVISTA," 31,620 "
Marine Paints,2023,2,CAVITE,CITY OF DASMARI헤S," 31,500 "
Marine Paints,2022,2,CAVITE,CITY OF GENERAL TRIAS," 31,440 "
Marine Paints,2022,12,CAVITE,CITY OF GENERAL TRIAS," 31,440 "
Marine Paints,2022,11,BATANGAS,CALACA," 31,200 "
Marine Paints,2023,12,"NCR, SECOND DISTRICT (NOT A PROVINCE)",QUEZON CITY," 30,870 "
Marine Paints,2023,6,CEBU,DANAO CITY," 30,510 "
Marine Paints,2022,11,MISAMIS ORIENTAL,JASAAN," 30,375 "
Marine Paints,2023,2,CEBU,CEBU CITY," 30,360 "
Marine Paints,2022,4,ILOILO,ILOILO CITY," 30,300 "
Marine Paints,2022,3,CAVITE,CITY OF GENERAL TRIAS," 30,240 "
Marine Paints,2023,4,BATANGAS,BATANGAS CITY (Capital)," 30,240 "
Marine Paints,2023,7,"NCR, THIRD DISTRICT (Not a Province)",CITY OF VALENZUELA," 30,240 "
Marine Paints,2023,11,"NCR, THIRD DISTRICT (Not a Province)",CALOOCAN CITY," 30,240 "
Marine Paints,2022,3,CEBU,DANAO CITY," 30,180 "
Marine Paints,2023,6,QUEZON,PAGBILAO," 30,180 "
Marine Paints,2022,10,"NCR, CITY OF MANILA, FIRST DISTRICT (Not a Provinc",TONDO I / II," 30,120 "
Marine Paints,2022,12,BATAAN,MARIVELES," 30,120 "
Marine Paints,2022,9,"NCR, CITY OF MANILA, FIRST DISTRICT (Not a Provinc",TONDO I / II," 29,955 "
Marine Paints,2022,9,"NCR, THIRD DISTRICT (Not a Province)",CITY OF VALENZUELA," 29,940 "
Marine Paints,2022,6,BATAAN,MARIVELES," 29,760 "
Marine Paints,2023,3,"NCR, SECOND DISTRICT (NOT A PROVINCE)",CITY OF MARIKINA," 29,580 "
Marine Paints,2023,12,CEBU,CARMEN," 29,580 "
Marine Paints,2022,1,"NCR, SECOND DISTRICT (NOT A PROVINCE)",QUEZON CITY," 29,325 "
Marine Paints,2022,9,PANGASINAN,SUAL," 29,175 "
Marine Paints,2023,11,CAVITE,CITY OF DASMARI헤S," 29,160 "
Marine Paints,2022,3,QUEZON,LUCENA CITY (Capital)," 29,070 "
Marine Paints,2022,2,ALBAY,ALBAY," 28,860 "
Marine Paints,2023,10,ILOILO,ILOILO CITY," 28,815 "
Marine Paints,2022,2,ILOILO,ILOILO CITY," 28,785 "
Marine Paints,2023,10,BATANGAS,CALACA," 28,680 "
Marine Paints,2022,3,CEBU,MANDAUE CITY," 28,620 "
Marine Paints,2023,7,"NCR, THIRD DISTRICT (Not a Province)",CALOOCAN CITY," 28,500 "
Marine Paints,2023,7,BATAAN,MARIVELES," 28,440 "
Marine Paints,2022,7,"NCR, THIRD DISTRICT (Not a Province)",CALOOCAN CITY," 28,380 "
Marine Paints,2022,8,CAMARINES SUR,ALBAY," 28,140 "
Marine Paints,2023,3,"NCR, SECOND DISTRICT (NOT A PROVINCE)",QUEZON CITY," 27,990 "
Marine Paints,2022,7,MISAMIS ORIENTAL,JASAAN," 27,915 "
Marine Paints,2022,1,MISAMIS ORIENTAL,VILLANUEVA," 27,855 "
Marine Paints,2022,6,"NCR, CITY OF MANILA, FIRST DISTRICT (Not a Provinc",TONDO I / II," 27,720 "
Marine Paints,2022,8,RIZAL,BINANGONAN," 27,720 "
Marine Paints,2022,7,CEBU,CONSOLACION," 27,690 "
Marine Paints,2022,2,"NCR, THIRD DISTRICT (Not a Province)",CALOOCAN CITY," 27,630 "
Marine Paints,2023,2,BULACAN,CITY OF MEYCAUAYAN," 27,600 "
Marine Paints,2022,7,BATANGAS,BATANGAS CITY (Capital)," 27,540 "
Marine Paints,2023,10,RIZAL,BINANGONAN," 27,540 "
Marine Paints,2022,10,BATAAN,MARIVELES," 27,465 "
Marine Paints,2022,5,QUEZON,PAGBILAO," 27,300 "
Marine Paints,2022,1,BATAAN,MARIVELES," 27,180 "
Marine Paints,2022,4,ZAMBALES,SUBIC," 27,120 "
Marine Paints,2023,3,BATANGAS,CALACA," 27,060 "
Marine Paints,2023,3,"NCR, THIRD DISTRICT (Not a Province)",CALOOCAN CITY," 27,000 "
Marine Paints,2022,7,LAGUNA,CITY OF SANTA ROSA," 27,000 "
Marine Paints,2023,2,CAVITE,CITY OF GENERAL TRIAS," 26,760 "
Marine Paints,2022,5,ILOILO,ILOILO CITY," 26,730 "
Marine Paints,2023,9,RIZAL,BINANGONAN," 26,640 "
Marine Paints,2022,8,CEBU,MANDAUE CITY," 26,565 "
Marine Paints,2022,8,BATAAN,MARIVELES," 26,520 "
Marine Paints,2022,5,"NCR, CITY OF MANILA, FIRST DISTRICT (Not a Provinc",TONDO I / II," 26,490 "
Marine Paints,2023,7,BATANGAS,BAUAN," 26,250 "
Marine Paints,2022,12,CEBU,SAN FERNANDO," 26,220 "
Marine Paints,2022,1,CEBU,CEBU CITY (Capital)," 25,860 "
Marine Paints,2023,2,ILOILO,ILOILO CITY," 25,770 "
Marine Paints,2023,6,CEBU,CEBU CITY," 25,680 "
Marine Paints,2023,2,"NCR, THIRD DISTRICT (Not a Province)",CALOOCAN CITY," 25,440 "
Marine Paints,2023,5,"NCR, SECOND DISTRICT (NOT A PROVINCE)",QUEZON CITY," 25,440 "
Marine Paints,2023,9,"NCR, THIRD DISTRICT (Not a Province)",CITY OF VALENZUELA," 25,440 "
Marine Paints,2023,10,RIZAL,CAINTA," 25,320 "
Marine Paints,2022,5,BATANGAS,BATANGAS CITY (Capital)," 25,260 "
Marine Paints,2022,4,"NCR, SECOND DISTRICT (NOT A PROVINCE)",QUEZON CITY," 24,960 "
Marine Paints,2022,4,LAGUNA,SAN PABLO CITY," 24,900 "
Marine Paints,2022,9,BATANGAS,CALACA," 24,900 "
Marine Paints,2022,6,PANGASINAN,SUAL," 24,600 "
Marine Paints,2023,2,"NCR, THIRD DISTRICT (Not a Province)",CITY OF VALENZUELA," 24,480 "
Marine Paints,2022,8,CEBU,SAN FERNANDO," 24,390 "
Marine Paints,2022,11,CEBU,SAN FERNANDO," 24,360 "
Marine Paints,2022,5,LAGUNA,SAN PABLO CITY," 24,300 "
Marine Paints,2022,6,LAGUNA,SAN PABLO CITY," 24,300 "
Marine Paints,2023,9,"NCR, SECOND DISTRICT (NOT A PROVINCE)",QUEZON CITY," 24,300 "
Marine Paints,2023,8,"NCR, CITY OF MANILA, FIRST DISTRICT (Not a Provinc",TONDO I / II," 24,180 "
Marine Paints,2023,11,ZAMBALES,SUBIC," 24,120 "
Marine Paints,2023,4,CEBU,CEBU CITY," 24,060 "
Marine Paints,2022,3,QUEZON,PAGBILAO," 24,000 "
Marine Paints,2023,9,ALBAY,ALBAY," 24,000 "
Marine Paints,2022,11,"NCR, SECOND DISTRICT (NOT A PROVINCE)",CITY OF MARIKINA," 24,000 "
Marine Paints,2022,11,ILOILO,ILOILO CITY," 23,925 "
Marine Paints,2023,3,BATANGAS,LEMERY," 23,820 "
Marine Paints,2023,7,BATANGAS,CALACA," 23,820 "
Marine Paints,2023,5,CEBU,CEBU CITY," 23,760 "
Marine Paints,2022,8,QUEZON,LUCENA CITY," 23,670 "
Marine Paints,2023,6,CEBU,MANDAUE CITY," 23,580 "
Marine Paints,2022,11,CEBU,CEBU CITY (Capital)," 23,550 "
Marine Paints,2023,12,CEBU,CONSOLACION," 23,400 "
Marine Paints,2023,3,RIZAL,BINANGONAN," 23,355 "
Marine Paints,2023,4,"NCR, SECOND DISTRICT (NOT A PROVINCE)",QUEZON CITY," 23,100 "
Marine Paints,2022,6,ILOILO,ILOILO CITY," 23,010 "
Marine Paints,2023,11,ILOILO,ILOILO CITY," 22,995 "
Marine Paints,2022,7,RIZAL,CAINTA," 22,920 "
Marine Paints,2022,6,"NCR, THIRD DISTRICT (Not a Province)",CALOOCAN CITY," 22,770 "
Marine Paints,2022,5,CEBU,SAN FERNANDO," 22,635 "
Marine Paints,2022,3,BATAAN,MARIVELES," 22,440 "
Marine Paints,2022,7,CEBU,MANDAUE CITY," 22,395 "
Marine Paints,2023,7,"NCR, SECOND DISTRICT (NOT A PROVINCE)",QUEZON CITY," 22,380 "
Marine Paints,2023,8,CEBU,SAN FERNANDO," 22,380 "
Marine Paints,2022,9,CEBU,MANDAUE CITY," 22,380 "
Marine Paints,2022,4,"NCR, THIRD DISTRICT (Not a Province)",CITY OF VALENZUELA," 21,960 "
Marine Paints,2023,7,"NCR, CITY OF MANILA, FIRST DISTRICT (Not a Provinc",PORT AREA," 21,780 "
Marine Paints,2023,8,CAVITE,CITY OF GENERAL TRIAS," 21,780 "
Marine Paints,2022,12,CEBU,DANAO CITY," 21,765 "
Marine Paints,2023,10,ZAMBALES,SUBIC," 21,720 "
Marine Paints,2023,2,BATANGAS,CALACA," 21,630 "
Marine Paints,2023,7,CEBU,CEBU CITY," 21,465 "
Marine Paints,2023,6,"NCR, THIRD DISTRICT (Not a Province)",CALOOCAN CITY," 21,375 "
Marine Paints,2023,8,"NCR, THIRD DISTRICT (Not a Province)",CITY OF VALENZUELA," 21,360 "
Marine Paints,2023,11,CEBU,DANAO CITY," 21,240 "
Marine Paints,2022,2,CAVITE,NAIC," 21,060 "
Marine Paints,2022,9,CEBU,CITY OF BOGO," 21,060 "
Marine Paints,2022,10,ILOILO,ILOILO CITY," 21,030 "
Marine Paints,2023,9,BULACAN,SAN ILDEFONSO," 21,000 "
Marine Paints,2023,6,CAVITE,TANZA," 20,850 "
Marine Paints,2022,7,RIZAL,BINANGONAN," 20,760 "
Marine Paints,2022,8,BATANGAS,CITY OF TANAUAN," 20,760 "
Marine Paints,2022,9,CAMARINES SUR,ALBAY," 20,760 "
Marine Paints,2023,8,BATAAN,MARIVELES," 20,700 "
Marine Paints,2022,12,"NCR, CITY OF MANILA, FIRST DISTRICT (Not a Provinc",TONDO I / II," 20,610 "
Marine Paints,2022,7,"NCR, CITY OF MANILA, FIRST DISTRICT (Not a Provinc",TONDO I / II," 20,520 "
Marine Paints,2023,7,ALBAY,ALBAY," 20,520 "
Marine Paints,2023,11,BATAAN,MARIVELES," 20,400 "
Marine Paints,2022,12,"NCR, SECOND DISTRICT (NOT A PROVINCE)",QUEZON CITY," 20,340 "
Marine Paints,2022,11,RIZAL,BINANGONAN," 20,160 "
Marine Paints,2023,2,CEBU,SAN FERNANDO," 19,830 "
Marine Paints,2022,5,BATANGAS,CALACA," 19,800 "
Marine Paints,2023,7,CEBU,CONSOLACION," 19,665 "
Marine Paints,2022,5,CEBU,DANAO CITY," 19,410 "
Marine Paints,2022,6,LAGUNA,CITY OF SANTA ROSA," 19,320 "
Marine Paints,2023,8,BATAAN,ORION," 19,260 "
Marine Paints,2022,9,LAGUNA,CITY OF SANTA ROSA," 19,140 "
Marine Paints,2023,11,CAVITE,SILANG," 18,960 "
Marine Paints,2023,12,CAVITE,TANZA," 18,840 "
Marine Paints,2022,5,BATANGAS,BAUAN," 18,780 "
Marine Paints,2022,10,CAVITE,CITY OF GENERAL TRIAS," 18,780 "
Marine Paints,2023,5,ALBAY,ALBAY," 18,660 "
Marine Paints,2023,11,CAVITE,ROSARIO," 18,660 "
Marine Paints,2023,10,CEBU,CITY OF BOGO," 18,600 "
Marine Paints,2022,9,MISAMIS ORIENTAL,JASAAN," 18,540 "
Marine Paints,2022,3,CAVITE,NAIC," 18,360 "
Marine Paints,2022,11,LAGUNA,CITY OF SANTA ROSA," 18,360 "
Marine Paints,2022,8,ILOILO,ILOILO CITY," 18,270 "
Marine Paints,2022,10,BATANGAS,CALACA," 18,150 "
Marine Paints,2023,12,CEBU,MANDAUE CITY," 18,060 "
Marine Paints,2023,11,CEBU,CONSOLACION," 18,000 "
Marine Paints,2022,10,CEBU,LAPU-LAPU CITY (OPON)," 17,940 "
Marine Paints,2022,11,"NCR, SECOND DISTRICT (NOT A PROVINCE)",QUEZON CITY," 17,940 "
Marine Paints,2023,12,CAVITE,CITY OF GENERAL TRIAS," 17,760 "
Marine Paints,2023,12,CEBU,SAN FERNANDO," 17,550 "
Marine Paints,2022,4,RIZAL,CAINTA," 17,520 "
Marine Paints,2023,6,QUEZON,MAUBAN," 17,460 "
Marine Paints,2022,1,"NCR, CITY OF MANILA, FIRST DISTRICT (Not a Provinc",MALATE," 17,340 "
Marine Paints,2023,5,BATANGAS,BAUAN," 17,340 "
Marine Paints,2022,12,BATANGAS,BAUAN," 17,325 "
Marine Paints,2023,3,MISAMIS ORIENTAL,JASAAN," 17,175 "
Marine Paints,2022,2,"NCR, SECOND DISTRICT (NOT A PROVINCE)",QUEZON CITY," 17,100 "
Marine Paints,2022,7,BATAAN,MARIVELES," 17,040 "
Marine Paints,2022,8,LAGUNA,SAN PABLO CITY," 16,950 "
Marine Paints,2023,10,CAVITE,CITY OF GENERAL TRIAS," 16,920 "
Marine Paints,2023,4,CAVITE,CITY OF GENERAL TRIAS," 16,800 "
Marine Paints,2023,10,BATAAN,MARIVELES," 16,455 "
Marine Paints,2022,5,CEBU,MINGLANILLA," 16,380 "
Marine Paints,2022,4,MISAMIS ORIENTAL,JASAAN," 16,365 "
Marine Paints,2023,12,BATANGAS,BAUAN," 16,200 "
Marine Paints,2023,5,CAVITE,BACOOR CITY," 15,960 "
Marine Paints,2022,4,"NCR, THIRD DISTRICT (Not a Province)",CITY OF MALABON," 15,840 "
Marine Paints,2022,4,CAVITE,CITY OF GENERAL TRIAS," 15,720 "
Marine Paints,2022,8,CAVITE,CITY OF GENERAL TRIAS," 15,720 "
Marine Paints,2023,7,BULACAN,SAN ILDEFONSO," 15,600 "
Marine Paints,2022,8,PANGASINAN,SUAL," 15,555 "
Marine Paints,2023,6,ILOILO,ILOILO CITY," 15,435 "
Marine Paints,2023,2,CEBU,DANAO CITY," 15,420 "
Marine Paints,2022,8,"NCR, THIRD DISTRICT (Not a Province)",CITY OF VALENZUELA," 15,315 "
Marine Paints,2023,7,BATANGAS,BATANGAS CITY (Capital)," 15,300 "
Marine Paints,2022,12,"NCR, THIRD DISTRICT (Not a Province)",CITY OF VALENZUELA," 15,045 "
Marine Paints,2023,2,QUEZON,SARIAYA," 15,000 "
Marine Paints,2023,9,"NCR, THIRD DISTRICT (Not a Province)",CALOOCAN CITY," 15,000 "
Marine Paints,2022,10,ALBAY,ALBAY," 14,880 "
Marine Paints,2023,8,CAVITE,ROSARIO," 14,820 "
Marine Paints,2022,11,BATANGAS,BAUAN," 14,700 "
Marine Paints,2022,8,BATAAN,ORION," 14,580 "
Marine Paints,2023,11,"NCR, THIRD DISTRICT (Not a Province)",CITY OF VALENZUELA," 14,580 "
Marine Paints,2022,1,CAVITE,TANZA," 14,550 "
Marine Paints,2023,10,CEBU,DANAO CITY," 14,460 "
Marine Paints,2022,7,CEBU,CITY OF BOGO," 14,370 "
Marine Paints,2022,7,BATANGAS,CITY OF TANAUAN," 14,340 "
Marine Paints,2023,4,SOUTH COTABATO,GENEAL SANTOS CITY," 14,160 "
Marine Paints,2022,7,BATANGAS,TALISAY," 14,160 "
Marine Paints,2022,7,CAVITE,NAIC," 14,100 "
Marine Paints,2022,11,"NCR, CITY OF MANILA, FIRST DISTRICT (Not a Provinc",TONDO I / II," 13,950 "
Marine Paints,2022,3,BOHOL,LILA," 13,920 "
Marine Paints,2023,8,BATANGAS,CALACA," 13,920 "
Marine Paints,2022,9,CEBU,SAN FERNANDO," 13,875 "
Marine Paints,2022,12,CEBU,CEBU," 13,860 "
Marine Paints,2023,12,BATAAN,PILAR," 13,800 "
Marine Paints,2023,3,CAVITE,ROSARIO," 13,740 "
Marine Paints,2023,8,"NCR, SECOND DISTRICT (NOT A PROVINCE)",QUEZON CITY," 13,680 "
Marine Paints,2022,1,CAVITE,KAWIT," 13,545 "
Marine Paints,2022,2,BATANGAS,BATANGAS CITY (Capital)," 13,440 "
Marine Paints,2023,10,"NCR, THIRD DISTRICT (Not a Province)",CITY OF VALENZUELA," 13,380 "
Marine Paints,2022,9,CAVITE,TANZA," 13,365 "
Marine Paints,2022,8,CEBU,DANAO CITY," 13,320 "
Marine Paints,2023,9,"NCR, CITY OF MANILA, FIRST DISTRICT (Not a Provinc",BINONDO," 13,320 "
Marine Paints,2023,12,BULACAN,SAN ILDEFONSO," 13,200 "
Marine Paints,2023,2,ALBAY,ALBAY," 13,140 "
Marine Paints,2022,1,"NCR, THIRD DISTRICT (Not a Province)",CALOOCAN CITY," 13,110 "
Marine Paints,2023,8,CEBU,DANAO CITY," 13,080 "
Marine Paints,2022,9,CEBU,DAANBANTAYAN," 13,020 "
Marine Paints,2023,9,"NCR, CITY OF MANILA, FIRST DISTRICT (Not a Provinc",PORT AREA," 13,020 "
Marine Paints,2023,11,LAGUNA,CITY OF SANTA ROSA," 12,960 "
Marine Paints,2022,2,LAGUNA,CITY OF SANTA ROSA," 12,720 "
Marine Paints,2023,4,CEBU,DANAO CITY," 12,690 "
Marine Paints,2022,2,CAVITE,ROSARIO," 12,540 "
Marine Paints,2022,6,BATANGAS,SANTO TOMAS," 12,540 "
Marine Paints,2022,11,MISAMIS ORIENTAL,VILLANUEVA," 12,540 "
Marine Paints,2022,2,CEBU,MANDAUE CITY," 12,420 "
Marine Paints,2022,3,"NCR, THIRD DISTRICT (Not a Province)",CITY OF VALENZUELA," 12,420 "
Marine Paints,2022,8,BATANGAS,LIPA CITY," 12,300 "
Marine Paints,2023,3,CAVITE,NAIC," 12,240 "
Marine Paints,2023,10,ALBAY,ALBAY," 12,240 "
Marine Paints,2022,12,MISAMIS ORIENTAL,VILLANUEVA," 12,150 "
Marine Paints,2023,5,CEBU,SAN FERNANDO," 12,120 "
Marine Paints,2022,1,CAVITE,CITY OF GENERAL TRIAS," 12,060 "
Marine Paints,2022,11,CEBU,MANDAUE CITY," 12,060 "
Marine Paints,2022,7,BATANGAS,CALACA," 12,000 "
Marine Paints,2022,3,MISAMIS ORIENTAL,GITAGUM," 11,985 "
Marine Paints,2023,12,CEBU,DANAO CITY," 11,880 "
Marine Paints,2022,4,"NCR, CITY OF MANILA, FIRST DISTRICT (Not a Provinc",MALATE," 11,820 "
Marine Paints,2023,7,"NCR, CITY OF MANILA, FIRST DISTRICT (Not a Provinc",TONDO I / II," 11,760 "
Marine Paints,2022,6,CAVITE,TANZA," 11,670 "
Marine Paints,2022,12,CEBU,CITY OF BOGO," 11,610 "
Marine Paints,2022,2,MISAMIS ORIENTAL,VILLANUEVA," 11,520 "
Marine Paints,2022,9,CEBU,CEBU CITY," 11,520 "
Marine Paints,2022,6,BATANGAS,CITY OF TANAUAN," 11,475 "
Marine Paints,2022,11,"NCR, THIRD DISTRICT (Not a Province)",CITY OF VALENZUELA," 11,370 "
Marine Paints,2023,5,BATANGAS,SANTO TOMAS," 11,340 "
Marine Paints,2022,7,"NCR, CITY OF MANILA, FIRST DISTRICT (Not a Provinc",ERMITA," 11,190 "
Marine Paints,2023,9,CAVITE,CITY OF GENERAL TRIAS," 11,160 "
Marine Paints,2022,8,LAGUNA,CITY OF SANTA ROSA," 11,100 "
Marine Paints,2022,9,BATANGAS,CITY OF TANAUAN," 10,920 "
Marine Paints,2022,5,CAVITE,TANZA," 10,890 "
Marine Paints,2023,10,CAVITE,CAVITE CITY," 10,875 "
Marine Paints,2023,5,BATAAN,ORION," 10,800 "
Marine Paints,2023,12,BATANGAS,MABINI," 10,635 "
Marine Paints,2022,11,PAMPANGA,MABALACAT CITY," 10,620 "
Marine Paints,2023,2,RIZAL,BINANGONAN," 10,560 "
Marine Paints,2023,9,CEBU,CONSOLACION," 10,530 "
Marine Paints,2023,5,PAMPANGA,APALIT," 10,500 "
Marine Paints,2023,11,BATANGAS,SANTO TOMAS," 10,500 "
Marine Paints,2022,2,CEBU,CEBU CITY (Capital)," 10,455 "
Marine Paints,2022,1,"NCR, FOURTH DISTRICT (Not a Province)",CITY OF PARA헤QUE," 10,440 "
Marine Paints,2022,10,"NCR, THIRD DISTRICT (Not a Province)",CITY OF VALENZUELA," 10,440 "
Marine Paints,2022,7,"NCR, FOURTH DISTRICT (Not a Province)",CITY OF PARA헤QUE," 10,380 "
Marine Paints,2022,4,"NCR, THIRD DISTRICT (Not a Province)",CALOOCAN CITY," 10,320 "
Marine Paints,2022,9,CAVITE,NAIC," 10,320 "
Marine Paints,2022,5,PANGASINAN,SUAL," 10,290 "
Marine Paints,2022,2,CAVITE,CARMONA," 10,260 "
Marine Paints,2022,9,CAVITE,ROSARIO," 10,140 "
Marine Paints,2023,4,"NCR, THIRD DISTRICT (Not a Province)",CALOOCAN CITY," 10,080 "
Marine Paints,2023,9,BATANGAS,SANTO TOMAS," 10,080 "
Marine Paints,2022,10,CAVITE,TANZA," 9,915 "
Marine Paints,2023,4,"NCR, FOURTH DISTRICT (Not a Province)",PASAY CITY," 9,855 "
Marine Paints,2022,8,"NCR, SECOND DISTRICT (NOT A PROVINCE)",CITY OF MANDALUYONG," 9,600 "
Marine Paints,2022,12,CAVITE,TANZA," 9,600 "
Marine Paints,2023,8,CEBU,LAPU-LAPU CITY (OPON)," 9,540 "
Marine Paints,2022,8,MISAMIS ORIENTAL,VILLANUEVA," 9,510 "
Marine Paints,2022,7,ILOILO,ILOILO CITY," 9,450 "
Marine Paints,2022,5,"NCR, THIRD DISTRICT (Not a Province)",CALOOCAN CITY," 9,435 "
Marine Paints,2023,7,CAVITE,TANZA," 9,330 "
Marine Paints,2022,2,RIZAL,BINANGONAN," 9,285 "
Marine Paints,2023,12,PANGASINAN,SUAL," 9,150 "
Marine Paints,2022,12,BATANGAS,CALACA," 9,000 "
Marine Paints,2022,4,MISAMIS ORIENTAL,VILLANUEVA," 8,970 "
Marine Paints,2023,5,"NCR, FOURTH DISTRICT (Not a Province)",CITY OF MAKATI," 8,940 "
Marine Paints,2023,4,"NCR, THIRD DISTRICT (Not a Province)",CITY OF VALENZUELA," 8,910 "
Marine Paints,2022,4,QUEZON,PAGBILAO," 8,880 "
Marine Paints,2023,6,LAGUNA,CITY OF SANTA ROSA," 8,880 "
Marine Paints,2023,2,BATANGAS,BATANGAS CITY (Capital)," 8,760 "
Marine Paints,2023,12,LAGUNA,CITY OF SANTA ROSA," 8,760 "
Marine Paints,2022,3,RIZAL,CAINTA," 8,700 "
Marine Paints,2022,1,CEBU,CONSOLACION," 8,640 "
Marine Paints,2023,5,BULACAN,CITY OF MEYCAUAYAN," 8,640 "
Marine Paints,2022,6,CEBU,CITY OF BOGO," 8,640 "
Marine Paints,2022,8,"NCR, FOURTH DISTRICT (Not a Province)",CITY OF PARA헤QUE," 8,640 "
Marine Paints,2022,8,CAVITE,TANZA," 8,610 "
Marine Paints,2023,5,CAVITE,CITY OF DASMARI헤S," 8,580 "
Marine Paints,2022,9,"NCR, THIRD DISTRICT (Not a Province)",CALOOCAN CITY," 8,580 "
Marine Paints,2023,9,"NCR, FOURTH DISTRICT (Not a Province)",CITY OF MAKATI," 8,520 "
Marine Paints,2022,2,BATANGAS,SANTO TOMAS," 8,490 "
Marine Paints,2023,3,BULACAN,GUIGUINTO," 8,400 "
Marine Paints,2022,10,CAVITE,ROSARIO," 8,400 "
Marine Paints,2022,3,MISAMIS ORIENTAL,VILLANUEVA," 8,385 "
Marine Paints,2023,3,"NCR, CITY OF MANILA, FIRST DISTRICT (Not a Provinc",PACO," 8,340 "
Marine Paints,2023,11,PAMPANGA,MABALACAT CITY," 8,280 "
Marine Paints,2022,5,LAGUNA,CITY OF SANTA ROSA," 8,160 "
Marine Paints,2022,7,CAVITE,ROSARIO," 8,160 "
Marine Paints,2022,10,BATANGAS,BATANGAS CITY (Capital)," 8,160 "
Marine Paints,2022,4,CEBU,CITY OF BOGO," 8,100 "
Marine Paints,2023,7,BATANGAS,SANTO TOMAS," 8,100 "
Marine Paints,2023,10,"NCR, SECOND DISTRICT (NOT A PROVINCE)",CITY OF MARIKINA," 8,100 "
Marine Paints,2023,12,"NCR, FOURTH DISTRICT (Not a Province)",PASAY CITY," 8,100 "
Marine Paints,2023,3,LAGUNA,CITY OF BI헤N," 8,010 "
Marine Paints,2023,4,BATAAN,ORION," 7,920 "
Marine Paints,2022,8,QUEZON,PAGBILAO," 7,860 "
Marine Paints,2023,12,CEBU,LAPU-LAPU CITY (OPON)," 7,845 "
Marine Paints,2022,10,CEBU,CEBU CITY," 7,800 "
Marine Paints,2022,10,MISAMIS ORIENTAL,VILLANUEVA," 7,785 "
Marine Paints,2022,5,MISAMIS ORIENTAL,VILLANUEVA," 7,740 "
Marine Paints,2023,5,LAGUNA,CITY OF SANTA ROSA," 7,740 "
Marine Paints,2022,9,LAGUNA,CITY OF BI헤N," 7,740 "
Marine Paints,2023,2,MISAMIS ORIENTAL,VILLANUEVA," 7,710 "
Marine Paints,2022,1,CAVITE,CAVITE CITY," 7,560 "
Marine Paints,2022,11,"NCR, CITY OF MANILA, FIRST DISTRICT (Not a Provinc",BINONDO," 7,560 "
Marine Paints,2023,4,BATAAN,MARIVELES," 7,500 "
Marine Paints,2023,4,"NCR, CITY OF MANILA, FIRST DISTRICT (Not a Provinc",BINONDO," 7,500 "
Marine Paints,2023,5,BATANGAS,BATANGAS CITY (Capital)," 7,500 "
Marine Paints,2023,12,BATANGAS,SANTO TOMAS," 7,500 "
Marine Paints,2023,9,QUEZON,PAGBILAO," 7,410 "
Marine Paints,2023,10,"NCR, FOURTH DISTRICT (Not a Province)",CITY OF MAKATI," 7,380 "
Marine Paints,2023,10,PAMPANGA,MABALACAT CITY," 7,380 "
Marine Paints,2023,3,ZAMBOANGA DEL SUR,ZAMBOANGA," 7,320 "
Marine Paints,2023,2,CAVITE,TANZA," 7,290 "
Marine Paints,2023,3,BULACAN,CITY OF MEYCAUAYAN," 7,200 "
Marine Paints,2023,4,CAVITE,CARMONA," 7,200 "
Marine Paints,2023,4,LAGUNA,CITY OF SANTA ROSA," 7,200 "
Marine Paints,2022,5,"NCR, THIRD DISTRICT (Not a Province)",CITY OF VALENZUELA," 7,200 "
Marine Paints,2023,8,BULACAN,CITY OF MEYCAUAYAN," 7,200 "
Marine Paints,2023,2,"NCR, FOURTH DISTRICT (Not a Province)",CITY OF MUNTINLUPA," 7,140 "
Marine Paints,2023,3,CEBU,SAN REMIGIO," 7,140 "
Marine Paints,2023,7,BATANGAS,LEMERY," 7,140 "
Marine Paints,2022,10,LAGUNA,CITY OF CALAMBA," 7,140 "
Marine Paints,2023,8,BATANGAS,BAUAN," 7,020 "
Marine Paints,2023,9,"NCR, FOURTH DISTRICT (Not a Province)",CITY OF PARA헤QUE," 7,020 "
Marine Paints,2022,3,BULACAN,SANTA MARIA," 6,960 "
Marine Paints,2022,5,CAVITE,CARMONA," 6,900 "
Marine Paints,2022,10,BATANGAS,LEMERY," 6,840 "
Marine Paints,2023,10,CAVITE,ROSARIO," 6,840 "
Marine Paints,2023,12,PAMPANGA,MABALACAT CITY," 6,840 "
Marine Paints,2023,6,"NCR, CITY OF MANILA, FIRST DISTRICT (Not a Provinc",TONDO I / II," 6,810 "
Marine Paints,2023,11,JASAAN,MISAMIS ORIENTAL," 6,810 "
Marine Paints,2022,12,CAVITE,ROSARIO," 6,780 "
Marine Paints,2022,9,"NCR, SECOND DISTRICT (NOT A PROVINCE)",CITY OF MANDALUYONG," 6,750 "
Marine Paints,2022,12,BULACAN,BOCAUE," 6,720 "
Marine Paints,2023,8,CEBU,CONSOLACION," 6,660 "
Marine Paints,2023,9,BATANGAS,BAUAN," 6,660 "
Marine Paints,2023,6,CAVITE,CARMONA," 6,600 "
Marine Paints,2023,8,CAVITE,CARMONA," 6,600 "
Marine Paints,2023,11,CAVITE,CARMONA," 6,600 "
Marine Paints,2022,8,PAMPANGA,APALIT," 6,480 "
Marine Paints,2023,7,CAVITE,ROSARIO," 6,360 "
Marine Paints,2022,1,"NCR, THIRD DISTRICT (Not a Province)",CITY OF VALENZUELA," 6,300 "
Marine Paints,2022,5,RIZAL,BINANGONAN," 6,300 "
Marine Paints,2022,8,"NCR, CITY OF MANILA, FIRST DISTRICT (Not a Provinc",SANTA ANA," 6,240 "
Marine Paints,2022,10,CEBU,CEBU," 6,240 "
Marine Paints,2023,2,LAGUNA,CITY OF SANTA ROSA," 6,180 "
Marine Paints,2023,11,"NCR, CITY OF MANILA, FIRST DISTRICT (Not a Provinc",PORT AREA," 6,090 "
Marine Paints,2022,9,RIZAL,CAINTA," 6,060 "
Marine Paints,2022,3,BATANGAS,CALACA," 6,000 "
Marine Paints,2022,5,RIZAL,CAINTA," 6,000 "
Marine Paints,2022,7,CEBU,SAN FERNANDO," 6,000 "
Marine Paints,2022,8,CAVITE,CARMONA," 6,000 "
Marine Paints,2022,4,CEBU,CEBU CITY," 5,940 "
Marine Paints,2023,10,LEYTE,BABATNGON," 5,940 "
Marine Paints,2022,4,CAVITE,ROSARIO," 5,880 "
Marine Paints,2022,4,"NCR, FOURTH DISTRICT (Not a Province)",CITY OF MAKATI," 5,880 "
Marine Paints,2023,10,CEBU,CARMEN," 5,820 "
Marine Paints,2022,4,CEBU,DANAO CITY," 5,775 "
Marine Paints,2022,4,BULACAN,SANTA MARIA," 5,760 "
Marine Paints,2023,5,"NCR, CITY OF MANILA, FIRST DISTRICT (Not a Provinc",SANTA CRUZ," 5,760 "
Marine Paints,2022,7,CEBU,SAN REMIGIO," 5,760 "
Marine Paints,2022,8,BATANGAS,BAUAN," 5,700 "
Marine Paints,2022,3,MISAMIS ORIENTAL,GINGOOG CITY," 5,580 "
Marine Paints,2023,5,PAMPANGA,MABALACAT CITY," 5,580 "
Marine Paints,2023,7,PAMPANGA,MABALACAT CITY," 5,580 "
Marine Paints,2023,4,"NCR, CITY OF MANILA, FIRST DISTRICT (Not a Provinc",PACO," 5,520 "
Marine Paints,2023,9,BULACAN,CITY OF MEYCAUAYAN," 5,520 "
Marine Paints,2023,6,BATANGAS,LEMERY," 5,460 "
Marine Paints,2022,3,BATANGAS,MABINI," 5,400 "
Marine Paints,2022,4,SOUTH COTABATO,GENEAL SANTOS CITY," 5,400 "
Marine Paints,2022,12,BATANGAS,CITY OF TANAUAN," 5,400 "
Marine Paints,2022,1,CAVITE,SILANG," 5,340 "
Marine Paints,2023,4,ILOILO,ILOILO CITY," 5,340 "
Marine Paints,2022,8,BATANGAS,SANTO TOMAS," 5,340 "
Marine Paints,2023,9,CEBU,LILOAN," 5,340 "
Marine Paints,2022,3,"NCR, SECOND DISTRICT (NOT A PROVINCE)",CITY OF MARIKINA," 5,280 "
Marine Paints,2022,4,"NCR, CITY OF MANILA, FIRST DISTRICT (Not a Provinc",BINONDO," 5,280 "
Marine Paints,2022,10,BATANGAS,SANTO TOMAS," 5,280 "
Marine Paints,2023,3,CAVITE,KAWIT," 5,265 "
Marine Paints,2022,7,BATANGAS,SANTO TOMAS," 5,220 "
Marine Paints,2023,6,CAVITE,CITY OF GENERAL TRIAS," 5,160 "
Marine Paints,2023,3,CEBU,CEBU CITY," 5,100 "
Marine Paints,2023,7,PAMPANGA,APALIT," 5,100 "
Marine Paints,2022,4,BATAAN,MARIVELES," 5,040 "
Marine Paints,2022,4,CAMARINES SUR,ALBAY," 5,040 "
Marine Paints,2023,8,PAMPANGA,MABALACAT CITY," 4,980 "
Marine Paints,2023,7,SOUTH COTABATO,GENEAL SANTOS CITY," 4,920 "
Marine Paints,2023,11,"NCR, SECOND DISTRICT (NOT A PROVINCE)",CITY OF MARIKINA," 4,920 "
Marine Paints,2022,2,LAGUNA,CITY OF SAN PEDRO," 4,800 "
Marine Paints,2022,3,RIZAL,BINANGONAN," 4,800 "
Marine Paints,2022,4,BULACAN,CITY OF MEYCAUAYAN," 4,800 "
Marine Paints,2022,6,BULACAN,CITY OF MEYCAUAYAN," 4,800 "
Marine Paints,2022,7,BULACAN,CITY OF MEYCAUAYAN," 4,800 "
Marine Paints,2022,8,BULACAN,CITY OF MEYCAUAYAN," 4,800 "
Marine Paints,2022,9,BOHOL,BUENAVISTA," 4,800 "
Marine Paints,2023,10,BULACAN,CITY OF MEYCAUAYAN," 4,800 "
Marine Paints,2023,11,BULACAN,CITY OF MEYCAUAYAN," 4,800 "
Marine Paints,2023,6,"NCR, FOURTH DISTRICT (Not a Province)",CITY OF PARA헤QUE," 4,740 "
Marine Paints,2023,12,"NCR, FOURTH DISTRICT (Not a Province)",CITY OF MAKATI," 4,740 "
Marine Paints,2022,1,PAMPANGA,MABALACAT CITY," 4,620 "
Marine Paints,2023,8,"NCR, FOURTH DISTRICT (Not a Province)",CITY OF MAKATI," 4,620 "
Marine Paints,2023,2,BOHOL,BUENAVISTA," 4,560 "
Marine Paints,2022,4,BATANGAS,MABINI," 4,560 "
Marine Paints,2022,7,PAMPANGA,MABALACAT CITY," 4,560 "
Marine Paints,2022,11,BATANGAS,CITY OF TANAUAN," 4,560 "
Marine Paints,2023,11,BULACAN,BOCAUE," 4,560 "
Marine Paints,2023,5,ILOILO,ILOILO," 4,500 "
Marine Paints,2023,6,CAVITE,CITY OF DASMARI헤S," 4,440 "
Marine Paints,2023,7,BULACAN,SANTA MARIA," 4,440 "
Marine Paints,2023,9,BATANGAS,LEMERY," 4,440 "
Marine Paints,2023,10,"NCR, FOURTH DISTRICT (Not a Province)",CITY OF PARA헤QUE," 4,440 "
Marine Paints,2023,8,CEBU,CEBU CITY," 4,350 "
Marine Paints,2022,11,CAVITE,TANZA," 4,305 "
Marine Paints,2023,3,"NCR, FOURTH DISTRICT (Not a Province)",CITY OF PARA헤QUE," 4,230 "
Marine Paints,2023,9,BATANGAS,MABINI," 4,200 "
Marine Paints,2023,10,LAGUNA,SANTA CRUZ (Capital)," 4,200 "
Marine Paints,2023,9,CEBU,LAPU-LAPU CITY (OPON)," 4,140 "
Marine Paints,2022,4,CAVITE,TANZA," 4,110 "
Marine Paints,2023,9,CAVITE,CITY OF DASMARI헤S," 4,080 "
Marine Paints,2023,6,"NCR, FOURTH DISTRICT (Not a Province)",PASAY CITY," 4,050 "
Marine Paints,2022,10,CAVITE,GEN. MARIANO ALVAREZ," 4,050 "
Marine Paints,2023,7,RIZAL,CITY OF ANTIPOLO," 4,020 "
Marine Paints,2023,12,CEBU,BALAMBAN," 4,020 "
Marine Paints,2022,11,BATANGAS,BATANGAS CITY (Capital)," 3,990 "
Marine Paints,2022,8,CEBU,LAPU-LAPU CITY (OPON)," 3,975 "
Marine Paints,2022,3,CAVITE,ROSARIO," 3,960 "
Marine Paints,2023,3,BATANGAS,BATANGAS CITY (Capital)," 3,960 "
Marine Paints,2023,3,"NCR, CITY OF MANILA, FIRST DISTRICT (Not a Provinc",ERMITA," 3,960 "
Marine Paints,2023,4,LA UNION,BAUANG," 3,960 "
Marine Paints,2023,6,"NCR, FOURTH DISTRICT (Not a Province)",CITY OF MAKATI," 3,960 "
Marine Paints,2022,8,BOHOL,BUENAVISTA," 3,960 "
Marine Paints,2022,10,LAGUNA,CITY OF BI헤N," 3,960 "
Marine Paints,2022,3,"NCR, CITY OF MANILA, FIRST DISTRICT (Not a Provinc",PORT AREA," 3,900 "
Marine Paints,2023,5,CEBU,BALAMBAN," 3,900 "
Marine Paints,2022,10,SOUTH COTABATO,GENEERAL SANTOS CITY," 3,870 "
Marine Paints,2022,5,MISAMIS ORIENTAL,CAGAYAN DE ORO CITY (Capital)," 3,840 "
Marine Paints,2022,5,ZAMBALES,SUBIC," 3,840 "
Marine Paints,2022,10,"NCR, SECOND DISTRICT (NOT A PROVINCE)",CITY OF MARIKINA," 3,840 "
Marine Paints,2022,10,RIZAL,CITY OF ANTIPOLO," 3,825 "
Marine Paints,2023,12,BULACAN,CITY OF MALOLOS (CAPITAL)," 3,810 "
Marine Paints,2022,4,"NCR, CITY OF MANILA, FIRST DISTRICT (Not a Provinc",SANTA ANA," 3,780 "
Marine Paints,2023,7,"NCR, SECOND DISTRICT (NOT A PROVINCE)",CITY OF MANDALUYONG," 3,780 "
Marine Paints,2023,8,CAVITE,CITY OF DASMARI헤S," 3,780 "
Marine Paints,2022,9,BULACAN,CITY OF MEYCAUAYAN," 3,780 "
Marine Paints,2023,11,RIZAL,BARAS," 3,780 "
Marine Paints,2022,4,PAMPANGA,MABALACAT CITY," 3,720 "
Marine Paints,2022,7,"NCR, CITY OF MANILA, FIRST DISTRICT (Not a Provinc",PACO," 3,720 "
Marine Paints,2022,9,"NCR, FOURTH DISTRICT (Not a Province)",CITY OF MAKATI," 3,720 "
Marine Paints,2023,10,LAGUNA,CITY OF BI헤N," 3,720 "
Marine Paints,2022,12,CAVITE,NAIC," 3,660 "
Marine Paints,2023,5,LAGUNA,SANTA CRUZ (Capital)," 3,600 "
Marine Paints,2023,7,CAVITE,SILANG," 3,600 "
Marine Paints,2023,11,BATANGAS,BATANGAS CITY (Capital)," 3,600 "
Marine Paints,2023,6,"NCR, THIRD DISTRICT (Not a Province)",CITY OF VALENZUELA," 3,540 "
Marine Paints,2022,10,CEBU,SAN FERNANDO," 3,540 "
Marine Paints,2022,3,PAMPANGA,MABALACAT CITY," 3,480 "
Marine Paints,2023,4,"NCR, SECOND DISTRICT (NOT A PROVINCE)",CITY OF MANDALUYONG," 3,480 "
Marine Paints,2022,10,"NCR, FOURTH DISTRICT (Not a Province)",CITY OF MAKATI," 3,480 "
Marine Paints,2023,9,CAVITE,ROSARIO," 3,360 "
Marine Paints,2023,10,BATANGAS,SANTO TOMAS," 3,360 "
Marine Paints,2023,3,BATANGAS,LIPA CITY," 3,300 "
Marine Paints,2023,3,PAMPANGA,MABALACAT CITY," 3,300 "
Marine Paints,2022,1,"NCR, CITY OF MANILA, FIRST DISTRICT (Not a Provinc",BINONDO," 3,240 "
Marine Paints,2023,6,"NCR, SECOND DISTRICT (NOT A PROVINCE)",CITY OF MANDALUYONG," 3,240 "
Marine Paints,2023,7,CAVITE,CITY OF DASMARI헤S," 3,240 "
Marine Paints,2023,8,"NCR, CITY OF MANILA, FIRST DISTRICT (Not a Provinc",MALATE," 3,180 "
Marine Paints,2022,12,"NCR, SECOND DISTRICT (NOT A PROVINCE)",CITY OF MARIKINA," 3,180 "
Marine Paints,2023,2,BULACAN,SANTA MARIA," 3,120 "
Marine Paints,2023,3,LAGUNA,CITY OF SANTA ROSA," 3,060 "
Marine Paints,2022,6,CAVITE,ROSARIO," 3,060 "
Marine Paints,2023,11,CEBU,CITY OF NAGA," 3,045 "
Marine Paints,2022,1,BATANGAS,SANTO TOMAS," 3,000 "
Marine Paints,2022,1,BATANGAS,LIPA CITY," 3,000 "
Marine Paints,2022,4,BATANGAS,CITY OF TANAUAN," 3,000 "
Marine Paints,2022,5,"NCR, SECOND DISTRICT (NOT A PROVINCE)",CITY OF MARIKINA," 3,000 "
Marine Paints,2023,5,CAVITE,CARMONA," 3,000 "
Marine Paints,2022,6,BATANGAS,AGONCILLO," 3,000 "
Marine Paints,2023,7,BULACAN,GUIGUINTO," 3,000 "
Marine Paints,2022,11,BULACAN,CITY OF MALOLOS (CAPITAL)," 3,000 "
Marine Paints,2022,11,CAVITE,CARMONA," 3,000 "
Marine Paints,2023,11,BATANGAS,CALACA," 3,000 "
Marine Paints,2022,12,BULACAN,CITY OF MALOLOS (CAPITAL)," 3,000 "
Marine Paints,2022,12,CAVITE,CARMONA," 3,000 "
Marine Paints,2023,12,ZAMBALES,OLONGAPO CITY," 3,000 "
Marine Paints,2022,2,BATANGAS,CALACA," 2,880 "
Marine Paints,2023,2,CEBU,CITY OF NAGA," 2,880 "
Marine Paints,2023,3,BATANGAS,BAUAN," 2,880 "
Marine Paints,2022,5,"NCR, CITY OF MANILA, FIRST DISTRICT (Not a Provinc",BINONDO," 2,880 "
Marine Paints,2022,5,PAMPANGA,MABALACAT CITY," 2,880 "
Marine Paints,2022,7,CAVITE,CITY OF DASMARI헤S," 2,880 "
Marine Paints,2023,8,"NCR, CITY OF MANILA, FIRST DISTRICT (Not a Provinc",ERMITA," 2,880 "
Marine Paints,2023,10,CAVITE,CITY OF DASMARI헤S," 2,880 "
Marine Paints,2022,5,MISAMIS ORIENTAL,GINGOOG CITY," 2,850 "
Marine Paints,2022,12,CEBU,LAPU-LAPU CITY (OPON)," 2,850 "
Marine Paints,2022,2,PAMPANGA,PORAC," 2,820 "
Marine Paints,2022,7,"NCR, SECOND DISTRICT (NOT A PROVINCE)",CITY OF MARIKINA," 2,820 "
Marine Paints,2022,10,BATANGAS,BAUAN," 2,820 "
Marine Paints,2022,3,BATANGAS,SANTO TOMAS," 2,760 "
Marine Paints,2023,4,"NCR, FOURTH DISTRICT (Not a Province)",CITY OF PARA헤QUE," 2,760 "
Marine Paints,2023,5,BATANGAS,LIPA CITY," 2,760 "
Marine Paints,2022,6,"NCR, FOURTH DISTRICT (Not a Province)",CITY OF PARA헤QUE," 2,760 "
Marine Paints,2022,6,RIZAL,CAINTA," 2,760 "
Marine Paints,2023,11,"NCR, FOURTH DISTRICT (Not a Province)",CITY OF MAKATI," 2,760 "
Marine Paints,2023,3,CEBU,LAPU-LAPU CITY (OPON)," 2,700 "
Marine Paints,2023,7,"NCR, FOURTH DISTRICT (Not a Province)",CITY OF MAKATI," 2,700 "
Marine Paints,2022,11,BULACAN,PLARIDEL," 2,700 "
Marine Paints,2023,2,CAVITE,ROSARIO," 2,640 "
Marine Paints,2023,3,CEBU,MINGLANILLA," 2,640 "
Marine Paints,2022,6,CAVITE,CITY OF DASMARI헤S," 2,640 "
Marine Paints,2022,6,RIZAL,CITY OF ANTIPOLO," 2,640 "
Marine Paints,2022,8,CAVITE,NAIC," 2,640 "
Marine Paints,2022,9,CAVITE,CITY OF DASMARI헤S," 2,640 "
Marine Paints,2023,9,PAMPANGA,MABALACAT CITY," 2,640 "
Marine Paints,2022,11,CAVITE,CITY OF DASMARI헤S," 2,640 "
Marine Paints,2022,5,BATAAN,MARIVELES," 2,625 "
Marine Paints,2023,11,CEBU,CARMEN," 2,610 "
Marine Paints,2022,3,CAMARINES SUR,NAGA CITY," 2,580 "
Marine Paints,2022,6,MISAMIS ORIENTAL,CAGAYAN DE ORO CITY (Capital)," 2,580 "
Marine Paints,2023,8,LAGUNA,CITY OF BI헤N," 2,580 "
Marine Paints,2022,9,PAMPANGA,APALIT," 2,580 "
Marine Paints,2022,6,"NCR, CITY OF MANILA, FIRST DISTRICT (Not a Provinc",BINONDO," 2,520 "
Marine Paints,2023,6,BATAAN,ORION," 2,520 "
Marine Paints,2022,12,"NCR, CITY OF MANILA, FIRST DISTRICT (Not a Provinc",ERMITA," 2,520 "
Marine Paints,2022,7,SOUTH COATABATO,GENERAL SANTOS CITY," 2,460 "
Marine Paints,2022,8,PAMPANGA,MABALACAT CITY," 2,460 "
Marine Paints,2022,9,MISAMIS ORIENTAL,BALINGOAN," 2,460 "
Marine Paints,2022,9,PAMPANGA,MABALACAT CITY," 2,460 "
Marine Paints,2023,12,RIZAL,BINANGONAN," 2,430 "
Marine Paints,2022,2,BULACAN,CITY OF MEYCAUAYAN," 2,400 "
Marine Paints,2022,3,BULACAN,CITY OF MEYCAUAYAN," 2,400 "
Marine Paints,2023,3,LAGUNA,CITY OF SAN PEDRO," 2,400 "
Marine Paints,2023,4,BATANGAS,SANTO TOMAS," 2,400 "
Marine Paints,2023,5,CEBU,CITY OF BOGO," 2,400 "
Marine Paints,2023,6,BULACAN,CITY OF MEYCAUAYAN," 2,400 "
Marine Paints,2023,7,BULACAN,CITY OF MEYCAUAYAN," 2,400 "
Marine Paints,2023,7,LAGUNA,CITY OF SAN PEDRO," 2,400 "
Marine Paints,2022,8,LAGUNA,CITY OF SAN PEDRO," 2,400 "
Marine Paints,2022,8,SOUTH COTABATO,GENERAL SANTO CITY," 2,400 "
Marine Paints,2022,9,CEBU,SAN REMIGIO," 2,400 "
Marine Paints,2023,9,LAGUNA,CITY OF SAN PEDRO," 2,400 "
Marine Paints,2022,10,"NCR, CITY OF MANILA, FIRST DISTRICT (Not a Provinc",BINONDO," 2,400 "
Marine Paints,2023,10,LAGUNA,CITY OF SAN PEDRO," 2,400 "
Marine Paints,2023,10,"NCR, CITY OF MANILA, FIRST DISTRICT (Not a Provinc",BINONDO," 2,400 "
Marine Paints,2022,11,BULACAN,CITY OF MEYCAUAYAN," 2,400 "
Marine Paints,2022,11,CAVITE,ROSARIO," 2,400 "
Marine Paints,2022,11,LAGUNA,CITY OF SAN PEDRO," 2,400 "
Marine Paints,2023,11,BATANGAS,PADRE GARCIA," 2,400 "
Marine Paints,2023,12,BULACAN,CITY OF MEYCAUAYAN," 2,400 "
Marine Paints,2022,8,CAVITE,ROSARIO," 2,340 "
Marine Paints,2022,10,"NCR, FOURTH DISTRICT (Not a Province)",PASAY CITY," 2,340 "
Marine Paints,2023,11,"NCR, CITY OF MANILA, FIRST DISTRICT (Not a Provinc",BINONDO," 2,340 "
Marine Paints,2023,3,CAVITE,CITY OF DASMARI헤S," 2,280 "
Marine Paints,2022,9,MISAMIS ORIENTAL,CAGAYAN DE ORO CITY (Capital)," 2,280 "
Marine Paints,2023,5,CAVITE,SILANG," 2,160 "
Marine Paints,2022,6,"NCR, SECOND DISTRICT (NOT A PROVINCE)",CITY OF MARIKINA," 2,160 "
Marine Paints,2022,8,CAVITE,SILANG," 2,160 "
Marine Paints,2022,9,"NCR, CITY OF MANILA, FIRST DISTRICT (Not a Provinc",ERMITA," 2,160 "
Marine Paints,2022,12,CAVITE,SILANG," 2,160 "
Marine Paints,2023,2,"NCR, FOURTH DISTRICT (Not a Province)",CITY OF PARA헤QUE," 2,100 "
Marine Paints,2023,11,LAGUNA,CITY OF BI헤N," 2,100 "
Marine Paints,2022,7,CAVITE,TANZA," 2,070 "
Marine Paints,2022,4,"NCR, FOURTH DISTRICT (Not a Province)",CITY OF PARA헤QUE," 2,040 "
Marine Paints,2022,7,BATANGAS,BAUAN," 2,040 "
Marine Paints,2023,11,"NCR, FOURTH DISTRICT (Not a Province)",CITY OF PARA헤QUE," 2,040 "
Marine Paints,2023,5,BATANGAS,CITY OF TANAUAN," 1,980 "
Marine Paints,2022,1,CAVITE,CITY OF DASMARI헤S," 1,920 "
Marine Paints,2022,2,CAVITE,SILANG," 1,920 "
Marine Paints,2022,2,CAVITE,CITY OF DASMARI헤S," 1,920 "
Marine Paints,2023,4,"NCR, CITY OF MANILA, FIRST DISTRICT (Not a Provinc",MALATE," 1,920 "
Marine Paints,2023,4,SOUTH COTABATO,GENERAL SABTOS CITY," 1,920 "
Marine Paints,2023,9,LAGUNA,CITY OF BI헤N," 1,920 "
Marine Paints,2022,11,MISAMIS ORIENTAL,CAGAYAN DE ORO CITY (Capital)," 1,920 "
Marine Paints,2023,12,CAVITE,SILANG," 1,920 "
Marine Paints,2022,7,"NCR, FOURTH DISTRICT (Not a Province)",PASAY CITY," 1,905 "
Marine Paints,2022,2,"NCR, FOURTH DISTRICT (Not a Province)",CITY OF PARA헤QUE," 1,890 "
Marine Paints,2023,6,BATANGAS,BATANGAS CITY (Capital)," 1,860 "
Marine Paints,2022,7,MISAMIS ORIENTAL,CAGAYAN DE ORO CITY (Capital)," 1,830 "
Marine Paints,2023,2,BOHOL,BOHOL," 1,800 "
Marine Paints,2023,3,"NCR, CITY OF MANILA, FIRST DISTRICT (Not a Provinc",SANTA CRUZ," 1,800 "
Marine Paints,2023,5,BULACAN,GUIGUINTO," 1,800 "
Marine Paints,2023,5,"NCR, CITY OF MANILA, FIRST DISTRICT (Not a Provinc",BINONDO," 1,800 "
Marine Paints,2022,8,BULACAN,GUIGUINTO," 1,800 "
Marine Paints,2022,9,BATANGAS,BAUAN," 1,800 "
Marine Paints,2023,10,RIZAL,CITY OF ANTIPOLO," 1,800 "
Marine Paints,2022,11,ZAMBALES,SUBIC," 1,800 "
Marine Paints,2023,11,LAGUNA,SAN PABLO CITY," 1,800 "
Marine Paints,2023,12,CAVITE,KAWIT," 1,800 "
Marine Paints,2022,9,MISAMIS ORIENTAL,GINGOOG CITY," 1,770 "
Marine Paints,2022,3,"NCR, CITY OF MANILA, FIRST DISTRICT (Not a Provinc",SANTA ANA," 1,740 "
Marine Paints,2023,2,"NCR, CITY OF MANILA, FIRST DISTRICT (Not a Provinc",BINONDO," 1,680 "
Marine Paints,2022,3,"NCR, CITY OF MANILA, FIRST DISTRICT (Not a Provinc",PACO," 1,680 "
Marine Paints,2023,3,BATANGAS,SANTO TOMAS," 1,680 "
Marine Paints,2022,4,BATANGAS,BATANGAS CITY (Capital)," 1,680 "
Marine Paints,2023,4,"NCR, SECOND DISTRICT (NOT A PROVINCE)",CITY OF SAN JUAN," 1,680 "
Marine Paints,2022,5,"NCR, FOURTH DISTRICT (Not a Province)",CITY OF PARA헤QUE," 1,680 "
Marine Paints,2022,6,"NCR, CITY OF MANILA, FIRST DISTRICT (Not a Provinc",ERMITA," 1,680 "
Marine Paints,2022,8,"NCR, SECOND DISTRICT (NOT A PROVINCE)",CITY OF MARIKINA," 1,680 "
Marine Paints,2023,5,CEBU,CEBU," 1,620 "
Marine Paints,2023,8,BATANGAS,SANTO TOMAS," 1,620 "
Marine Paints,2022,1,LAGUNA,CITY OF SANTA ROSA," 1,560 "
Marine Paints,2022,5,"NCR, FOURTH DISTRICT (Not a Province)",TAGUIG CITY," 1,560 "
Marine Paints,2022,6,CEBU,CITY OF NAGA," 1,560 "
Marine Paints,2023,6,CAVITE,ROSARIO," 1,560 "
Marine Paints,2023,7,LAGUNA,CITY OF BI헤N," 1,560 "
Marine Paints,2023,8,"NCR, SECOND DISTRICT (NOT A PROVINCE)",CITY OF MANDALUYONG," 1,560 "
Marine Paints,2023,9,CEBU,CEBU CITY," 1,560 "
Marine Paints,2023,9,"NCR, CITY OF MANILA, FIRST DISTRICT (Not a Provinc",PACO," 1,560 "
Marine Paints,2023,12,CAVITE,ROSARIO," 1,560 "
Marine Paints,2022,1,SOUTH COTABTO,GENERAL SANTOS CITY," 1,530 "
Marine Paints,2022,3,ZAMBALES,SUBIC," 1,500 "
Marine Paints,2023,4,PAMPANGA,MABALACAT CITY," 1,500 "
Marine Paints,2023,5,SOUTH COTABATO,GENERAL SAMTOS CITY," 1,500 "
Marine Paints,2023,9,"NCR, SECOND DISTRICT (NOT A PROVINCE)",CITY OF MANDALUYONG," 1,500 "
Marine Paints,2022,12,SOUTH COTABATO,GENERAL SANTOSCITY," 1,500 "
Marine Paints,2022,3,MISAMIS ORIENTAL,CAGAYAN DE ORO CITY (Capital)," 1,470 "
Marine Paints,2022,2,"NCR, CITY OF MANILA, FIRST DISTRICT (Not a Provinc",ERMITA," 1,440 "
Marine Paints,2022,2,"NCR, FOURTH DISTRICT (Not a Province)",TAGUIG CITY," 1,440 "
Marine Paints,2023,3,CEBU,CITY OF BOGO," 1,440 "
Marine Paints,2022,5,ALBAY,ALBAY," 1,440 "
Marine Paints,2022,5,BULACAN,CITY OF MEYCAUAYAN," 1,440 "
Marine Paints,2022,8,CEBU,CITY OF NAGA," 1,440 "
Marine Paints,2022,8,"NCR, THIRD DISTRICT (Not a Province)",CALOOCAN CITY," 1,440 "
Marine Paints,2022,10,"NCR, FOURTH DISTRICT (Not a Province)",CITY OF LAS PI헤S," 1,440 "
Marine Paints,2023,10,CEBU,CEBU CITY," 1,440 "
Marine Paints,2023,12,SOUTH COTABATO,GENERA SANTOS CITY," 1,440 "
Marine Paints,2023,12,LAGUNA,CITY OF BI헤N," 1,425 "
Marine Paints,2022,5,"NCR, FOURTH DISTRICT (Not a Province)",CITY OF MAKATI," 1,380 "
Marine Paints,2023,4,"NCR, CITY OF MANILA, FIRST DISTRICT (Not a Provinc",SANTA ANA," 1,365 "
Marine Paints,2023,9,BULACAN,CITY OF MALOLOS (CAPITAL)," 1,350 "
Marine Paints,2022,4,MISAMIS ORIENTAL,SUGBONGCOGON," 1,320 "
Marine Paints,2023,4,CAVITE,ROSARIO," 1,320 "
Marine Paints,2023,4,PAMPANGA,SAN SIMON," 1,320 "
Marine Paints,2023,8,ZAMBALES,SUBIC," 1,320 "
Marine Paints,2023,9,BULACAN,BALIUAG," 1,320 "
Marine Paints,2022,10,CAVITE,SILANG," 1,320 "
Marine Paints,2022,10,"NCR, CITY OF MANILA, FIRST DISTRICT (Not a Provinc",ERMITA," 1,320 "
Marine Paints,2023,12,"NCR, FOURTH DISTRICT (Not a Province)",CITY OF PARA헤QUE," 1,320 "
Marine Paints,2023,12,"NCR, SECOND DISTRICT (NOT A PROVINCE)",CITY OF MARIKINA," 1,320 "
Marine Paints,2022,7,GENERAL SANTOS CITY,SOUTH COTABATO," 1,260 "
Marine Paints,2023,12,BATANGAS,LIPA CITY," 1,260 "
Marine Paints,2022,1,CEBU,MANDAUE CITY," 1,200 "
Marine Paints,2023,2,"NCR, CITY OF MANILA, FIRST DISTRICT (Not a Provinc",PACO," 1,200 "
Marine Paints,2022,3,BULACAN,ANGAT," 1,200 "
Marine Paints,2023,3,"NCR, CITY OF MANILA, FIRST DISTRICT (Not a Provinc",MALATE," 1,200 "
Marine Paints,2022,4,CAVITE,CITY OF DASMARI헤S," 1,200 "
Marine Paints,2022,5,CAVITE,ROSARIO," 1,200 "
Marine Paints,2023,5,PAMPANGA,SAN SIMON," 1,200 "
Marine Paints,2023,6,BATANGAS,SANTO TOMAS," 1,200 "
Marine Paints,2023,6,LAGUNA,CITY OF BI헤N," 1,200 "
Marine Paints,2022,8,MISAMIS ORIENTAL,CAGAYAN DE ORO CITY (Capital)," 1,200 "
Marine Paints,2022,8,"NCR, FOURTH DISTRICT (Not a Province)",CITY OF MAKATI," 1,200 "
Marine Paints,2023,8,"NCR, CITY OF MANILA, FIRST DISTRICT (Not a Provinc",PACO," 1,200 "
Marine Paints,2023,9,BATANGAS,CITY OF TANAUAN," 1,200 "
Marine Paints,2022,10,SOUTH COTABATO,GENERAL SANTO CITY," 1,200 "
Marine Paints,2022,11,MISAMIS ORIENTAL,SUGBONGCOGON," 1,200 "
Marine Paints,2023,12,"NCR, CITY OF MANILA, FIRST DISTRICT (Not a Provinc",ERMITA," 1,200 "
Marine Paints,2022,1,MISAMIS ORIENTAL,CAGAYAN DE ORO CITY (Capital)," 1,140 "
Marine Paints,2023,3,"NCR, SECOND DISTRICT (NOT A PROVINCE)",CITY OF SAN JUAN," 1,140 "
Marine Paints,2023,5,CAVITE,ROSARIO," 1,140 "
Marine Paints,2022,10,PAMPANGA,MABALACAT CITY," 1,140 "
Marine Paints,2023,2,RIZAL,ANGONO," 1,080 "
Marine Paints,2022,11,"NCR, CITY OF MANILA, FIRST DISTRICT (Not a Provinc",PACO," 1,080 "
Marine Paints,2023,12,CAVITE,BACOOR CITY," 1,080 "
Marine Paints,2023,2,BATANGAS,BAUAN," 1,020 "
Marine Paints,2022,12,"NCR, FOURTH DISTRICT (Not a Province)",PASAY CITY," 1,020 "
Marine Paints,2022,2,BULACAN,SANTA MARIA, 960 
Marine Paints,2023,6,"NCR, CITY OF MANILA, FIRST DISTRICT (Not a Provinc",MALATE, 960 
Marine Paints,2023,7,"NCR, CITY OF MANILA, FIRST DISTRICT (Not a Provinc",SANTA ANA, 960 
Marine Paints,2023,7,SOUTH COTAABTO,GENERAL SANTOS CITY, 960 
Marine Paints,2023,9,BATANGAS,LIPA CITY, 960 
Marine Paints,2023,9,CAVITE,SILANG, 960 
Marine Paints,2022,11,"NCR, FOURTH DISTRICT (Not a Province)",CITY OF PARA헤QUE, 960 
Marine Paints,2023,3,"NCR, CITY OF MANILA, FIRST DISTRICT (Not a Provinc",PORT AREA, 930 
Marine Paints,2023,6,PAMPANGA,APALIT, 915 
Marine Paints,2022,1,CEBU,CARMEN, 900 
Marine Paints,2023,2,PAMPANGA,MABALACAT CITY, 900 
Marine Paints,2022,4,MISAMIS ORIENTAL,CAGAYAN DE ORO CITY (Capital), 900 
Marine Paints,2022,7,PAMPANGA,CITY OF SAN FERNANDO (Capital), 900 
Marine Paints,2022,8,"NCR, FOURTH DISTRICT (Not a Province)",PASAY CITY, 900 
Marine Paints,2023,8,"NCR, FOURTH DISTRICT (Not a Province)",PASAY CITY, 900 
Marine Paints,2022,9,CAVITE,CARMONA, 900 
Marine Paints,2023,9,CEBU,CITY OF TALISAY, 900 
Marine Paints,2022,12,LAGUNA,CITY OF BI헤N, 900 
Marine Paints,2023,12,"NCR, FOURTH DISTRICT (Not a Province)",TAGUIG CITY, 900 
Marine Paints,2023,2,CAVITE,TRECE MARTIRES CITY (Capital), 840 
Marine Paints,2023,2,"NCR, CITY OF MANILA, FIRST DISTRICT (Not a Provinc",SANTA ANA, 840 
Marine Paints,2023,3,"NCR, FOURTH DISTRICT (Not a Province)",CITY OF MAKATI, 780 
Marine Paints,2022,5,BATANGAS,SANTO TOMAS, 780 
Marine Paints,2022,6,"NCR, FOURTH DISTRICT (Not a Province)",TAGUIG CITY, 780 
Marine Paints,2023,6,BATANGAS,LIPA CITY, 780 
Marine Paints,2022,9,"NCR, FOURTH DISTRICT (Not a Province)",CITY OF PARA헤QUE, 780 
Marine Paints,2023,12,BATANGAS,CITY OF TANAUAN, 780 
Marine Paints,2022,1,CAVITE,CARMONA, 720 
Marine Paints,2023,2,MISAMIS ORIENTAL,CAGAYAN DE ORO CITY (Capital), 720 
Marine Paints,2023,2,"NCR, FOURTH DISTRICT (Not a Province)",CITY OF LAS PI헤S, 720 
Marine Paints,2023,2,PAMPANGA,SAN SIMON, 720 
Marine Paints,2022,6,CAGAYAN,RIZAL, 720 
Marine Paints,2022,6,CEBU,DANAO CITY, 720 
Marine Paints,2023,6,CAVITE,SILANG, 720 
Marine Paints,2023,6,PAMPANGA,SAN SIMON, 720 
Marine Paints,2023,6,RIZAL,CITY OF ANTIPOLO, 720 
Marine Paints,2022,7,"NCR, CITY OF MANILA, FIRST DISTRICT (Not a Provinc",BINONDO, 720 
Marine Paints,2022,8,RIZAL,CAINTA, 720 
Marine Paints,2023,8,LAGUNA,CITY OF SANTA ROSA, 720 
Marine Paints,2022,9,"NCR, FOURTH DISTRICT (Not a Province)",CITY OF LAS PI헤S, 720 
Marine Paints,2022,9,"NCR, SECOND DISTRICT (NOT A PROVINCE)",CITY OF SAN JUAN, 720 
Marine Paints,2023,9,BULACAN,SANTA MARIA, 720 
Marine Paints,2023,9,"NCR, CITY OF MANILA, FIRST DISTRICT (Not a Provinc",ERMITA, 720 
Marine Paints,2022,10,CEBU,DANAO CITY, 720 
Marine Paints,2022,12,BATANGAS,SANTO TOMAS, 720 
Marine Paints,2023,12,"NCR, CITY OF MANILA, FIRST DISTRICT (Not a Provinc",PACO, 720 
Marine Paints,2022,7,CAVITE,TRECE MARTIRES CITY (Capital), 705 
Marine Paints,2023,11,"NCR, FOURTH DISTRICT (Not a Province)",TAGUIG CITY, 690 
Marine Paints,2022,2,CAVITE,BACOOR CITY, 660 
Marine Paints,2023,2,LAGUNA,CITY OF BI헤N, 660 
Marine Paints,2023,2,"NCR, CITY OF MANILA, FIRST DISTRICT (Not a Provinc",PORT AREA, 660 
Marine Paints,2022,5,BATANGAS,MABINI, 660 
Marine Paints,2023,5,"NCR, SECOND DISTRICT (NOT A PROVINCE)",CITY OF SAN JUAN, 660 
Marine Paints,2022,6,"NCR, CITY OF MANILA, FIRST DISTRICT (Not a Provinc",PORT AREA, 660 
Marine Paints,2023,6,BATANGAS,NASUGBU, 660 
Marine Paints,2023,8,"NCR, FOURTH DISTRICT (Not a Province)",CITY OF PARA헤QUE, 660 
Marine Paints,2023,11,RIZAL,BINANGONAN, 660 
Marine Paints,2022,3,"NCR, FOURTH DISTRICT (Not a Province)",TAGUIG CITY, 600 
Marine Paints,2022,3,"NCR, FOURTH DISTRICT (Not a Province)",CITY OF PARA헤QUE, 600 
Marine Paints,2023,3,"NCR, FOURTH DISTRICT (Not a Province)",TAGUIG CITY, 600 
Marine Paints,2022,5,PAMPANGA,CITY OF SAN FERNANDO (Capital), 600 
Marine Paints,2022,6,PAMPANGA,MABALACAT CITY, 600 
Marine Paints,2023,6,"NCR, CITY OF MANILA, FIRST DISTRICT (Not a Provinc",BINONDO, 600 
Marine Paints,2023,6,"NCR, FOURTH DISTRICT (Not a Province)",TAGUIG CITY, 600 
Marine Paints,2023,6,"NCR, SECOND DISTRICT (NOT A PROVINCE)",CITY OF SAN JUAN, 600 
Marine Paints,2023,7,BULACAN,CITY OF MALOLOS (CAPITAL), 600 
Marine Paints,2023,7,"NCR, CITY OF MANILA, FIRST DISTRICT (Not a Provinc",MALATE, 600 
Marine Paints,2022,9,"NCR, FOURTH DISTRICT (Not a Province)",TAGUIG CITY, 600 
Marine Paints,2023,9,BATANGAS,CALACA, 600 
Marine Paints,2023,9,BULACAN,BALAGTAS (BIGAA), 600 
Marine Paints,2023,9,"NCR, FOURTH DISTRICT (Not a Province)",TAGUIG CITY, 600 
Marine Paints,2022,11,"NCR, FOURTH DISTRICT (Not a Province)",TAGUIG CITY, 600 
Marine Paints,2022,11,"NCR, FOURTH DISTRICT (Not a Province)",PASAY CITY, 600 
Marine Paints,2022,12,BATANGAS,BATANGAS CITY (Capital), 600 
Marine Paints,2023,12,RIZAL,CITY OF ANTIPOLO, 600 
Marine Paints,2022,2,MISAMIS ORIENTAL,CAGAYAN DE ORO CITY (Capital), 540 
Marine Paints,2023,8,CEBU,CARMEN, 540 
Marine Paints,2023,9,CEBU,DANAO CITY, 540 
Marine Paints,2022,2,"NCR, CITY OF MANILA, FIRST DISTRICT (Not a Provinc",SANTA ANA, 480 
Marine Paints,2023,2,CAVITE,CARMONA, 480 
Marine Paints,2022,3,BULACAN,CITY OF MALOLOS (CAPITAL), 480 
Marine Paints,2023,3,CAVITE,ALFONSO, 480 
Marine Paints,2023,3,"NCR, SECOND DISTRICT (NOT A PROVINCE)",CITY OF MANDALUYONG, 480 
Marine Paints,2022,4,"NCR, FOURTH DISTRICT (Not a Province)",TAGUIG CITY, 480 
Marine Paints,2023,4,"NCR, CITY OF MANILA, FIRST DISTRICT (Not a Provinc",ERMITA, 480 
Marine Paints,2023,5,LAGUNA,CITY OF BI헤N, 480 
Marine Paints,2023,6,PAMPANGA,MABALACAT CITY, 480 
Marine Paints,2022,7,"NCR, FOURTH DISTRICT (Not a Province)",CITY OF LAS PI헤S, 480 
Marine Paints,2023,7,"NCR, CITY OF MANILA, FIRST DISTRICT (Not a Provinc",INTRAMUROS, 480 
Marine Paints,2023,7,PAMPANGA,SAN SIMON, 480 
Marine Paints,2022,8,"NCR, FOURTH DISTRICT (Not a Province)",CITY OF LAS PI헤S, 480 
Marine Paints,2023,8,QUEZON,PAGBILAO, 480 
Marine Paints,2023,9,PAMPANGA,ANGELES CITY, 480 
Marine Paints,2022,10,CAVITE,TRECE MARTIRES CITY (Capital), 480 
Marine Paints,2022,10,"NCR, FOURTH DISTRICT (Not a Province)",TAGUIG CITY, 480 
Marine Paints,2022,10,"NCR, FOURTH DISTRICT (Not a Province)",CITY OF PARA헤QUE, 480 
Marine Paints,2022,12,RIZAL,CITY OF ANTIPOLO, 480 
Marine Paints,2023,2,SOUTH COTABATO,GENERAL SANTOS CIT, 420 
Marine Paints,2023,4,"NCR, FOURTH DISTRICT (Not a Province)",CITY OF MAKATI, 420 
Marine Paints,2022,12,"NCR, FOURTH DISTRICT (Not a Province)",CITY OF PARA헤QUE, 420 
Marine Paints,2023,9,SOUTH COTABSTO,GENERAL SANTOS CITY, 390 
Marine Paints,2022,2,LAGUNA,CITY OF BI헤N, 360 
Marine Paints,2022,2,PAMPANGA,MABALACAT CITY, 360 
Marine Paints,2023,2,SOUTH COTAABTO,GENERAL SANTOS CITY, 360 
Marine Paints,2023,5,"NCR, FOURTH DISTRICT (Not a Province)",CITY OF PARA헤QUE, 360 
Marine Paints,2022,6,BULACAN,SANTA MARIA, 360 
Marine Paints,2022,7,"NCR, SECOND DISTRICT (NOT A PROVINCE)",CITY OF SAN JUAN, 360 
Marine Paints,2022,9,PAMPANGA,SAN SIMON, 360 
Marine Paints,2022,9,PAMPANGA,CITY OF SAN FERNANDO (Capital), 360 
Marine Paints,2023,9,"NCR, FOURTH DISTRICT (Not a Province)",CITY OF LAS PI헤S, 360 
Marine Paints,2022,11,PAMPANGA,SAN SIMON, 360 
Marine Paints,2023,11,LAGUNA,SANTA CRUZ (Capital), 360 
Marine Paints,2022,1,CAVITE,ROSARIO, 300 
Marine Paints,2022,3,CAVITE,CARMONA, 300 
Marine Paints,2023,3,CAVITE,TRECE MARTIRES CITY (Capital), 300 
Marine Paints,2023,3,"NCR, FOURTH DISTRICT (Not a Province)",CITY OF LAS PI헤S, 300 
Marine Paints,2022,4,BATANGAS,PADRE GARCIA, 300 
Marine Paints,2022,5,CAVITE,TRECE MARTIRES CITY (Capital), 300 
Marine Paints,2023,5,CAVITE,TRECE MARTIRES CITY (Capital), 300 
Marine Paints,2023,6,CAVITE,TRECE MARTIRES CITY (Capital), 300 
Marine Paints,2023,7,NEGROS ORIENTAL,SIATON, 300 
Marine Paints,2022,8,BULACAN,SANTA MARIA, 300 
Marine Paints,2023,8,"NCR, FOURTH DISTRICT (Not a Province)",TAGUIG CITY, 300 
Marine Paints,2023,8,RIZAL,CITY OF ANTIPOLO, 300 
Marine Paints,2023,9,PAMPANGA,APALIT, 300 
Marine Paints,2023,10,"NCR, FOURTH DISTRICT (Not a Province)",PASAY CITY, 300 
Marine Paints,2022,12,"NCR, SECOND DISTRICT (NOT A PROVINCE)",CITY OF MANDALUYONG, 300 
Marine Paints,2022,1,"NCR, CITY OF MANILA, FIRST DISTRICT (Not a Provinc",PORT AREA, 240 
Marine Paints,2022,2,SOUTH COTRABATO,GENERAL SANTOS CITY, 240 
Marine Paints,2022,3,"NCR, FOURTH DISTRICT (Not a Province)",CITY OF MAKATI, 240 
Marine Paints,2023,3,"NCR, CITY OF MANILA, FIRST DISTRICT (Not a Provinc",BINONDO, 240 
Marine Paints,2023,3,PAMPANGA,SAN SIMON, 240 
Marine Paints,2023,3,RIZAL,TAYTAY, 240 
Marine Paints,2023,3,RIZAL,CITY OF ANTIPOLO, 240 
Marine Paints,2022,4,"NCR, CITY OF MANILA, FIRST DISTRICT (Not a Provinc",PACO, 240 
Marine Paints,2023,4,BATANGAS,BAUAN, 240 
Marine Paints,2023,6,PAMPANGA,CITY OF SAN FERNANDO (Capital), 240 
Marine Paints,2022,7,"NCR, FOURTH DISTRICT (Not a Province)",CITY OF MAKATI, 240 
Marine Paints,2022,8,MISAMIS ORIENTAL,GINGOOG CITY, 240 
Marine Paints,2023,8,CAVITE,IMUS CITY, 240 
Marine Paints,2022,9,BULACAN,SANTA MARIA, 240 
Marine Paints,2022,9,"NCR, CITY OF MANILA, FIRST DISTRICT (Not a Provinc",PACO, 240 
Marine Paints,2023,9,BATANGAS,BATANGAS CITY (Capital), 240 
Marine Paints,2023,10,"NCR, CITY OF MANILA, FIRST DISTRICT (Not a Provinc",ERMITA, 240 
Marine Paints,2022,11,CEBU,DANAO CITY, 240 
Marine Paints,2022,11,"NCR, CITY OF MANILA, FIRST DISTRICT (Not a Provinc",ERMITA, 240 
Marine Paints,2023,11,SOUTH COTABATO,GENERAL SANTOS COTABATO, 240 
Marine Paints,2022,12,ILOILO,ILOILO, 240 
Marine Paints,2022,12,"NCR, CITY OF MANILA, FIRST DISTRICT (Not a Provinc",PORT AREA, 240 
Marine Paints,2023,12,CAVITE,CITY OF DASMARI헤S, 240 
Marine Paints,2023,9,"NCR, CITY OF MANILA, FIRST DISTRICT (Not a Provinc",MALATE, 225 
Marine Paints,2023,9,SOUTH COTABATO,GENREAL SANTOS CITY, 225 
Marine Paints,2023,2,"NCR, FOURTH DISTRICT (Not a Province)",CITY OF MAKATI, 180 
Marine Paints,2022,3,LAGUNA,CITY OF BI헤N, 180 
Marine Paints,2022,4,"NCR, CITY OF MANILA, FIRST DISTRICT (Not a Provinc",INTRAMUROS, 180 
Marine Paints,2022,5,"NCR, SECOND DISTRICT (NOT A PROVINCE)",?CITY OF PASIG, 180 
Marine Paints,2022,7,ILOILO,ILOILO CITY (Capital), 180 
Marine Paints,2023,7,CAVITE,CARMONA, 180 
Marine Paints,2023,10,BATANGAS,CITY OF TANAUAN, 180 
Marine Paints,2023,10,BULACAN,BALIUAG, 180 
Marine Paints,2023,11,RIZAL,TAYTAY, 180 
Marine Paints,2023,12,BULACAN,GUIGUINTO, 180 
Marine Paints,2022,2,"NCR, SECOND DISTRICT (NOT A PROVINCE)",CITY OF SAN JUAN, 120 
Marine Paints,2022,3,BATANGAS,LIPA CITY, 120 
Marine Paints,2023,4,LAGUNA,CITY OF BI헤N, 120 
Marine Paints,2022,5,BATANGAS,LIPA CITY, 120 
Marine Paints,2022,6,MISAMIS ORIENTAL,GITAGUM, 120 
Marine Paints,2022,7,BULACAN,GUIGUINTO, 120 
Marine Paints,2022,7,"NCR, CITY OF MANILA, FIRST DISTRICT (Not a Provinc",PORT AREA, 120 
Marine Paints,2022,11,RIZAL,CAINTA, 120 
Marine Paints,2022,9,RIZAL,CITY OF ANTIPOLO, 60 
Marine Paints,2022,12,ILOILO,ILOILO CTY, 60 
